s1_entity_id	matched_entity_ids
S1-100502835	
S1-100517307	S2-327492002,S3-451147638,S3-936502397
S1-100809805	S2-279721991,S2-974930428,S3-264636622,S3-868629347
S1-102324451	S2-626433724,S3-583628765,S3-900962957
S1-102414785	S2-116012042,S2-188383374,S2-202580872,S2-308710729,S2-688006388,S3-365268195,S3-882631876,S3-888870085
S1-102457318	S3-402527605
S1-10302171	S2-255151367,S2-321821060,S2-330011444
S1-103069293	S3-284655286
S1-1033177	S2-403898660,S2-43357443,S2-52764559,S2-691451325,S2-978451609,S3-282837569,S3-607568775,S3-676766188,S3-883267465,S3-97524967
S1-103843781	S2-397787002,S2-436021164,S2-82076220
S1-103936120	S2-275330157,S2-774856709,S3-421593539
S1-104913809	S2-147050591,S2-189679208,S2-37154820,S3-177182682,S3-227080431,S3-628896835,S3-927357164
S1-105037596	S3-980449318
S1-105568631	S2-743200797,S3-686929711
S1-105759394	S2-186353410,S2-192633966,S2-206626649,S2-41916354,S2-457913449,S2-833086178,S3-170871077,S3-490654409,S3-619333991,S3-666249558,S3-831930534
S1-105897334	S2-667187505,S3-185433068,S3-251574152,S3-410009414,S3-734906509
S1-106362368	S2-117746662,S2-316174303,S2-400075636,S2-438010246,S2-498959515,S2-716488126,S2-819353705,S3-542297762,S3-73406054,S3-838815077
S1-10639811	S2-231238421,S2-5790707,S2-92869281,S3-143215419,S3-312234958
S1-107266813	S2-151486052,S2-571155336,S3-129025260,S3-206605850,S3-300971979,S3-61139207,S3-778628129
S1-107267900	S2-924147770,S3-26219628
S1-108757880	S3-519488918,S3-723692505,S3-747015259,S3-75712231,S3-835150757
S1-109347037	S2-726813496,S2-728715674,S3-152409826,S3-228677213,S3-605380273,S3-711486909,S3-722553831,S3-756849874,S3-878758002,S3-974349491
S1-109487913	S2-255370424,S2-65481678,S2-703161210,S2-804418145,S2-900122820,S3-34333461,S3-386182661,S3-972530364
S1-109691132	S2-161566819,S2-830621278
S1-109944498	S2-132466757,S2-282946331,S2-346126693,S2-348310739,S2-787083540,S2-884768158,S3-706686727
S1-110625045	S2-144836773,S2-71687720,S3-302712115,S3-357053662
S1-110988632	S2-246054184,S2-665375077,S2-731328991,S3-525396022,S3-628000191,S3-884799680
S1-111014696	S2-887397796,S3-495347324,S3-532968773,S3-68902159
S1-111104187	S3-571130466
S1-111171787	S3-42325402,S3-602836082
S1-111199932	S2-13171004,S2-623809302,S2-93644230,S3-579687911
S1-111522275	S2-215814288,S2-279605052,S2-435854364,S2-43824315,S2-615968375,S2-761058995,S2-861502204,S2-879224565,S2-918497788,S2-947278826,S3-168387790,S3-294493552,S3-308387417
S1-112114857	S2-652865664,S2-979491728,S3-135845521
S1-11262357	S2-185474999,S2-388199351,S3-272945710,S3-303654043,S3-470681299
S1-113766896	S2-116305673,S2-423709852,S2-782548171,S3-928672726
S1-113974256	S2-63102412,S3-566108511
S1-114011157	S2-722621978,S3-787075427
S1-114404257	S2-430825761,S2-43340562,S2-745926940,S2-832384133,S2-982347109,S3-124849980,S3-143639537,S3-635167078
S1-115095576	S2-568443727,S2-685175984,S3-187928201,S3-953311716
S1-116924607	S2-291637211,S2-689548861
S1-116929405	S2-40008649,S2-606239582,S2-63983236,S2-642627622,S3-436689861,S3-610365463
S1-118100798	S2-395354705,S2-966112447,S3-348464499,S3-403459104,S3-566214585
S1-118810790	S2-123160256,S2-279475524,S2-283438467,S2-324680018,S2-339803278,S2-343549845,S2-397787002,S2-436021164,S2-449410675,S2-574390896,S2-596619574,S2-717360790,S2-751842173,S2-82076220,S2-894905288,S2-965281607,S3-532115437,S3-539377443,S3-744666047,S3-984802705
S1-11922896	S2-326328238,S2-514874348,S2-544605120,S2-813344950,S2-870405082,S3-102050484
S1-1194016	S3-37186135,S3-610249802,S3-88963525
S1-119720775	S2-204682450,S2-667676743,S2-864457884,S3-718092057
S1-119843053	S3-18101426,S3-23583705,S3-68400197,S3-867947257,S3-938266033
S1-1199286	S2-606022044,S2-74664922,S2-918403623,S3-327893550
S1-11993559	S2-237166386,S2-593859293,S3-314517852,S3-799179728
S1-121650297	S2-584519130,S2-834190652,S2-995488469,S3-376977445,S3-642010405
S1-121662589	S2-582632454,S2-799169327,S3-404915788
S1-121668737	S2-375933154,S3-234826136,S3-409405274
S1-122263413	S2-159525889,S3-193239277,S3-404747630,S3-755736162,S3-930880303
S1-122344288	S2-103932582,S2-1138939,S2-976016640
S1-122624972	S2-301357941,S3-453331833
S1-123741037	S2-485035907,S2-636323678,S2-744858978,S3-390263132,S3-861736313
S1-124128685	S2-169426686,S2-220440977,S2-576765768,S2-676355997,S3-13627793,S3-152409826,S3-432726214,S3-524812356,S3-825797061,S3-878758002,S3-972453327
S1-124334903	S2-148810347,S2-154561848,S2-227569602,S2-373476200,S2-470764428,S3-112040594,S3-15480970,S3-661959082,S3-795324312
S1-124645245	S2-149767440,S2-59000138,S3-133324385,S3-952700962
S1-124987634	S2-487102931,S3-468813596,S3-56585757,S3-7520603,S3-985261783
S1-126164793	S2-536679327,S2-872730369,S2-918683063,S2-939299911,S3-18850338,S3-527022268,S3-637008279,S3-750433560
S1-126219041	S2-109150002,S2-20514568,S3-215719971,S3-302779454,S3-680416366,S3-826055662
S1-126947501	S2-753997435
S1-127235024	S2-241475807,S2-988793895,S3-113699833,S3-314005132,S3-503961111,S3-867001705
S1-127519074	S2-288956273,S3-58602849
S1-127903743	S2-44031106,S2-637538344,S2-891083835,S3-474605405,S3-67801082,S3-766275609,S3-792432983,S3-866417393
S1-128054006	S2-170826420,S3-119362017,S3-990132857
S1-129088147	S2-188015326,S2-414624283,S2-45175061,S2-666628100,S3-481255380,S3-559994828
S1-129778530	S2-240240213,S3-191128226,S3-312382980,S3-45994650,S3-576228832
S1-130136534	S2-146750590,S2-302398933,S2-456107536,S2-852476966,S3-14538925,S3-643676892,S3-654279319
S1-130635319	S2-361343187,S2-687015211,S2-770975297
S1-131712176	S2-371598868,S2-58582364,S2-893216485,S3-306949929,S3-457387097,S3-689981423,S3-725827527
S1-131955393	S2-166651826,S3-750927235
S1-132619617	S2-493310248,S3-594456154,S3-722971093
S1-132928595	S3-768052980,S3-810398276,S3-887705518
S1-133196549	S2-13336249,S2-351007231,S2-542507082,S2-638383040,S2-758601434,S2-864575506,S3-199489521,S3-39595865,S3-820090238
S1-133717606	S2-83466247,S3-765525588,S3-832383532,S3-974324175
S1-13374672	S2-3354926,S2-993687267,S3-601440567
S1-134484414	S2-126063641,S2-448404308
S1-135018793	S2-125721091,S2-127017284,S2-182885998,S2-186789822,S2-187930029,S2-238052081,S2-395081073,S2-410205613,S2-427154479,S2-441773497,S2-452674127,S2-483189952,S2-501820388,S2-505302338,S2-512916891,S2-515958600,S2-567139021,S2-572893852,S2-658824978,S2-700564424,S2-712119959,S2-732518192,S2-771496311,S2-780251191,S2-799881295,S2-803798905,S2-834812477,S2-845166258,S2-851400057,S2-900897961,S2-910936057,S2-969069473,S2-989525111,S3-190763464,S3-386512917,S3-776835498,S3-782293568,S3-852992800,S3-893101723,S3-914665707
S1-135092861	S2-107174613,S2-280552454,S2-466122223,S2-869636669,S3-151975620,S3-247602853,S3-540470881,S3-618886129
S1-135859843	S2-486810718,S2-805943029,S2-933699180,S3-485683730,S3-986828830
S1-136463756	S2-619535922,S3-285646825,S3-361214073,S3-67631905,S3-922386951
S1-136645823	S2-177243070,S3-369163500,S3-415067361,S3-525349229
S1-138500512	
S1-138599179	S2-416565099,S2-877584804,S3-673230860
S1-138665366	S2-403415779,S2-725827813,S2-914387690,S3-176322362,S3-214330608,S3-269774588
S1-139100651	S2-189119698,S2-327072391,S2-481409894,S2-570141,S2-6441251,S2-753131301,S2-816027533,S3-104220422,S3-254706446,S3-358779829,S3-594456964,S3-636499971,S3-968853345
S1-13934814	
S1-139555987	S2-719519346,S3-423982971
S1-14170049	
S1-141838738	
S1-141924856	S2-405013819,S2-621097238,S2-711412883,S3-209560112
S1-142647069	S2-345186917,S2-407196282,S2-486527807,S2-93532100,S2-961998903,S3-169471283,S3-364776587,S3-71455754,S3-810466229
S1-142973237	
S1-143031559	S2-606424991,S2-75116020,S2-87765343,S3-356799161,S3-586005776
S1-143242747	S2-551297698,S2-69315104,S3-514321966,S3-588978587,S3-656841918,S3-698547657
S1-143597809	S2-162763788,S2-967305309
S1-145237612	S2-886230980,S2-910603093,S3-483747264,S3-496417238
S1-145448545	S2-121038365,S2-421370078,S2-593810576,S3-389024131,S3-541865770
S1-145515920	S2-472271406,S2-820153109,S3-160959199,S3-254171656,S3-722677951,S3-779000449,S3-855922303
S1-145768302	S2-274967138,S2-429327438,S3-260423024,S3-452111215,S3-823713418,S3-887271597
S1-14671612	S2-255370424,S2-30034044,S2-380936165,S2-493245845,S2-703161210,S3-253475513,S3-855660140
S1-147362702	S2-227437167,S2-433995845,S2-706795129,S2-78481511,S3-134749540,S3-27687312,S3-806030912
S1-147805888	S2-54629063,S2-618059339,S3-649054241
S1-1481484	S2-147664766,S2-268119623,S2-296456453,S3-217198891
S1-148307787	S2-370575004,S2-914453945,S3-129639777,S3-361764414,S3-384097268,S3-609524200,S3-638203172
S1-148746161	S2-118135583,S2-131070878,S2-174480872,S3-754995763
S1-148952322	S2-108095283,S2-483715640,S2-646692601,S2-707135753,S2-716922073,S3-132025171,S3-83031019,S3-873065960
S1-148972025	S2-385748213,S2-783246335,S2-860072952
S1-149222539	S2-451182261,S2-588415512,S2-741368532,S2-750913022,S3-406735398,S3-419549804,S3-622235040
S1-151073508	S2-63551272,S2-847678184,S2-992136246,S3-268890484,S3-381625711,S3-407651399,S3-923550630
S1-151288193	S2-208664681,S2-269146450,S2-487204238,S3-547878488,S3-726980858
S1-152063913	S2-23097670,S2-939968662,S3-279707548,S3-314446984,S3-570789831,S3-597871260,S3-614927899,S3-809560929
S1-15268273	
S1-152684414	S2-362236784,S2-529937754,S2-630209190,S3-836818664
S1-15280189	S2-333703771,S3-355740159,S3-460219471
S1-153022243	S2-578841817,S2-708866973,S3-254986315,S3-345374966,S3-997978868
S1-153052378	S2-260175068,S2-5429444,S2-57090340,S3-40942780,S3-927603575
S1-153861183	S2-59468027,S2-668100220,S3-105074443,S3-930382804
S1-15554340	S2-145019770,S2-789647501,S2-991753258,S2-998348589,S3-573237417,S3-640751958
S1-155642403	S2-213726573,S2-441341822,S2-974240540,S3-302581276,S3-945622970
S1-156557617	S2-302227228,S2-376284869,S3-35575706
S1-158085956	S2-589311019,S2-615968375,S2-911435615,S3-566390860
S1-158716148	S2-252163660,S2-798980999,S2-902273804,S3-251336467,S3-320716717,S3-597871260,S3-601080759,S3-733457889,S3-776835498,S3-899875040,S3-991193178
S1-159564532	S2-106668297,S2-531182441,S2-589580501,S3-54252076,S3-808431881
S1-15973308	S2-731285180,S2-930959209,S3-746926038
S1-160794881	S2-389360239,S2-420358280,S2-552654851,S2-988299211,S3-843662269
S1-161242415	S3-139207592,S3-465623114
S1-161514778	S2-172864539,S2-430204827,S2-51802035,S3-267246233,S3-750647048,S3-790888822
S1-161671316	S2-397787002,S2-436021164,S2-453870155,S2-574390896,S2-82076220,S2-878943167,S3-135880565,S3-376531775
S1-161829828	S3-480040036
S1-161858196	S2-477664885,S3-202844444
S1-161904798	S2-950049500,S3-103719923,S3-121694661,S3-663076005,S3-996347195
S1-16236092	S2-207469129,S2-815941672,S2-939398005,S3-537685218
S1-162511044	S3-138110233
S1-162661524	S2-9992874
S1-162665143	
S1-163217525	S2-24957987,S2-401708089,S3-300886724,S3-406722388,S3-845376034,S3-865375307,S3-96991992
S1-163545256	S2-38932758,S3-907608236
S1-163572784	S2-46319343,S3-978543042
S1-163656530	S2-152170139,S2-255905105,S3-18101426,S3-244201260,S3-808036318,S3-80883283,S3-953342463,S3-962314908
S1-164013104	S2-172819928,S2-327908970,S2-329157805,S2-379443935,S2-68398475,S2-744131875,S2-939146576,S2-983837825,S3-702247046,S3-85593195
S1-164150228	S2-126354878,S2-346623774,S2-744276176,S3-23289144,S3-766853984,S3-872738056
S1-164451034	S2-217660900,S2-423774172,S2-488676656,S2-637688321,S2-744228996,S3-305148731
S1-164679788	S2-551477577
S1-165066641	S2-461922904,S2-93411540,S3-756943933
S1-165300031	S2-482415436,S2-639441650,S3-591900655,S3-741210184,S3-920049076
S1-165670278	S3-263525037,S3-446588222,S3-529270249,S3-598410001
S1-165909369	S2-309552713,S2-447840900,S3-874473733,S3-896037556
S1-166454785	S2-434035908,S2-687528770,S3-120443478,S3-632553484
S1-169367814	S2-161367492,S2-173508020,S2-311310116,S2-447344461,S2-754656443,S3-514407377,S3-675582775,S3-780970425,S3-977128701
S1-170012565	S2-6043201,S3-328079621
S1-171377563	S3-645354743
S1-171736325	S2-825438481,S3-861381546,S3-975199785
S1-172123772	S2-169788626,S2-214463558,S2-328588090,S2-346020311,S2-656492762,S2-778083203,S2-831784456,S2-87631751,S2-921606704,S2-95748943,S2-979579690,S3-154078642,S3-254228809,S3-268668955,S3-395325659,S3-404981281,S3-470539529,S3-541999194,S3-574233378,S3-575909252,S3-617864515,S3-925456302,S3-980267344
S1-173359423	
S1-17371412	S2-138602241,S2-420270319,S2-485720212,S2-700397229,S3-396627447,S3-657386017,S3-680972666,S3-71093858
S1-173789008	S3-331885573,S3-615305676,S3-643923460
S1-174411484	S2-775072031,S3-583333725
S1-175586370	S2-359147196,S2-425579317,S2-580895971,S2-686031379,S2-706729473,S3-707961662
S1-175805396	S2-537700586,S3-405714401,S3-425353350,S3-783277784
S1-175990771	S2-105706991,S2-11719472,S2-120737281,S2-146228964,S2-160448098,S2-220622969,S2-239141469,S2-287114287,S2-296676041,S2-330600457,S2-340814974,S2-38407765,S2-412330898,S2-444016500,S2-471140172,S2-471539165,S2-490246183,S2-494816960,S2-496749855,S2-501983034,S2-519376196,S2-530766088,S2-569260214,S2-637017205,S2-651851490,S2-654246479,S2-65785418,S2-690153191,S2-691451325,S2-700101523,S2-719752197,S2-724174997,S2-734450579,S2-736629115,S2-775881067,S2-842637137,S2-846744645,S2-853536004,S2-872014539,S2-899667549,S2-910013898,S2-961294665,S2-963293355,S3-240481199,S3-267817458,S3-521615840,S3-643497249,S3-667803580,S3-718630376,S3-791907059,S3-823570328,S3-880470399,S3-896054423
S1-176712381	S2-212963205,S2-532141242,S3-130780046,S3-544493022
S1-17742800	S2-505123217,S2-872153705,S3-228019910,S3-281242253,S3-368339007,S3-437297829,S3-648133343,S3-983047522
S1-178094146	S2-200888854,S2-204682450,S2-204742663,S2-215814288,S2-325279316,S2-33419167,S2-343051226,S2-353387995,S2-47604384,S2-486544070,S2-486669991,S2-57339913,S2-580459679,S2-590222088,S2-634466562,S2-731610758,S2-747949834,S2-761058995,S2-804985211,S2-838518106,S2-843058880,S2-871266650,S2-884091284,S2-925664698,S3-124999881,S3-536691777,S3-591567981,S3-693584904,S3-991688186
S1-178491889	S2-86506067,S2-868499387,S3-872978994
S1-178530251	S3-579111825
S1-178594264	S2-642828375,S3-204769721,S3-259332382,S3-64708312
S1-179042512	S2-263393507,S2-400288276,S2-430903676,S2-549116951,S3-131432568,S3-754817512,S3-823089827,S3-921022223
S1-179187000	S2-34496139,S3-5389476,S3-576013663,S3-814185756,S3-837889040,S3-972181561,S3-995810856
S1-179412520	S2-219870777,S2-476640870,S3-629607860,S3-765118500
S1-179454045	S2-970697845,S3-364350414,S3-90138810
S1-18048797	S2-218957842,S2-283898659,S2-299352,S3-989363684
S1-180700949	S2-734596844
S1-180953986	S2-777800745,S2-988841805,S3-348037444,S3-447070372,S3-688276979
S1-181159019	S2-237150394,S2-402465241,S2-631421584
S1-182096015	S2-15221937,S2-204682450,S2-463692322,S2-4735407,S2-590222088,S2-621957046,S2-634596621,S2-853136988
S1-182239781	S2-144156959,S2-655730659,S2-749412613,S3-550802669,S3-624226762,S3-722701344
S1-182240223	S2-147817704,S2-192202938,S2-407937129,S2-506193365,S2-580601983,S2-594565721,S2-784260616,S2-903325056,S3-152409826,S3-319166487,S3-467743039,S3-612802419,S3-72873327,S3-729277240
S1-183514020	S2-883018911,S3-109728815,S3-50973515,S3-772807263
S1-183709540	S2-255717140,S3-691066009
S1-183838969	S2-879247913,S3-148575054
S1-184679021	S2-973785441
S1-184726226	S2-483324872,S2-843595601,S2-928913036,S3-22660920,S3-415622416,S3-673635463,S3-935803924
S1-184875582	S2-616540439,S2-688900889,S3-752873823,S3-845526087
S1-185357528	S2-738179540,S2-811442861,S3-112029776,S3-120726283,S3-612342690,S3-878180755
S1-187267643	S3-178074676,S3-206112492,S3-508086108,S3-722106121
S1-187702408	S2-468654706,S2-694303495,S3-144125870,S3-184840414,S3-495900304,S3-953224865
S1-187882560	S2-987112664,S3-37629570,S3-692753594
S1-189408085	S2-569141916,S3-856255331,S3-856557141
S1-189663062	S2-416752790,S3-208737582,S3-839490701,S3-99542374
S1-189760059	S2-506434769,S3-756297688
S1-190080798	S2-89745694,S2-978444288,S3-515501821,S3-561515116,S3-611598739,S3-849039325
S1-190259650	S2-148471355
S1-190275655	S2-29943792,S2-549730860,S2-800526104,S3-402369808
S1-190499706	S2-52842362,S2-591289065,S3-514569860,S3-563193171,S3-800826546,S3-802261861
S1-190583520	S2-298696982,S3-347487188,S3-924584151
S1-191730733	S2-153685803,S2-158154200,S2-339425696,S2-46328458,S3-537530752,S3-586554950,S3-994057379
S1-1934141	
S1-193768712	S2-314187025,S2-619149664,S2-704320949,S3-447154559
S1-194230101	S2-410692088,S2-89131100,S3-646786161
S1-194445268	S2-236404877,S3-370517706
S1-195119684	S2-414499167,S3-119932569,S3-275464889,S3-438091387,S3-540516595
S1-195274561	S3-260648971,S3-343245116,S3-963910560
S1-195476342	S2-610813389
S1-195601323	
S1-196000740	S2-513697256,S3-124667792,S3-394364106
S1-196201570	S2-29892224,S2-35554040,S2-423709852,S2-585449687,S2-650536091,S2-762552526,S2-835692087,S3-192536573,S3-348261983,S3-428648231,S3-675445656,S3-955130593
S1-19638865	S2-596364241,S3-383899087
S1-196399198	S2-294897882,S2-35554040,S2-555008182,S2-573097389,S2-631245416,S2-740236485,S2-757500657,S2-856996028,S3-354892567,S3-410026630,S3-464830319
S1-196668262	S2-47282530,S2-813356278,S3-105621228
S1-196773289	S2-288894920,S2-424516214,S3-821609754
S1-196987586	S2-117355790,S3-437106743
S1-197321226	S2-776396122,S3-969926105
S1-1974145	S2-123875170,S2-321869897,S2-576660714,S2-603426188,S3-605757959,S3-839722263,S3-954678438
S1-197800554	S2-64410420,S2-76076556,S2-978175788,S3-282239221,S3-461164559,S3-469297030,S3-588563140,S3-672886146,S3-82727063
S1-199107673	S2-14054540,S2-433864749,S2-787608124,S3-555639712
S1-199386490	S2-776785372,S2-81064498,S2-906312122,S3-230128848,S3-686794403
S1-200501374	S2-622114273,S2-919151745,S3-438396157,S3-706817854,S3-845786741,S3-858763771,S3-887857336
S1-200950699	S2-590944707,S2-648443172,S3-345066962,S3-531404933
S1-202140118	S2-641858345,S3-484640289
S1-202205045	S2-190918068,S2-298226064,S2-31939897,S2-549684557,S2-999723692,S3-361162627,S3-362159244,S3-57041341
S1-202959540	S2-402494341,S2-407890164,S2-495764288,S2-662520231,S2-675683103,S2-909267991,S3-140414846,S3-241123649,S3-397648912,S3-912937918,S3-978192498
S1-203059991	S2-316465375,S2-687834137,S3-307896565,S3-358523615,S3-521615840
S1-203146058	S2-655305212,S2-838668477,S2-849686496,S3-698005592,S3-730298995,S3-73835784,S3-875789138
S1-204043203	S2-514031170,S3-384166379,S3-471279102
S1-204393907	S2-272918139,S2-501120749,S2-87857321,S2-960599022,S3-132893641,S3-419074929,S3-640122280,S3-745579161,S3-813802029
S1-204541733	S2-314934771,S2-315819865,S3-127764916
S1-205499620	S2-362128977
S1-205928544	S2-124330584,S3-253006003,S3-887558195,S3-934186478
S1-206528976	S2-239603162,S2-722016438,S3-906803573
S1-206965113	S2-863340770,S3-363354629,S3-509097528,S3-56116997,S3-841867909,S3-947953381
S1-207907319	S2-417596306,S2-644208071,S3-354555831
S1-208433843	S2-38116067,S3-264047741,S3-31661155,S3-337846205,S3-584506716,S3-956767532
S1-209483563	S2-956331700,S3-421541896,S3-576185368
S1-210102081	S2-106873253,S2-131641546,S2-145965732,S2-161958157,S2-165839990,S2-174422048,S2-182122788,S2-204682450,S2-204742663,S2-215193704,S2-215814288,S2-227560513,S2-257161820,S2-265643642,S2-294699978,S2-297438757,S2-298341239,S2-303822688,S2-315301310,S2-325156267,S2-325279316,S2-336729159,S2-338986169,S2-356165559,S2-388434927,S2-399593262,S2-427307144,S2-433687850,S2-435854364,S2-43824315,S2-44931983,S2-455086001,S2-457586459,S2-46014483,S2-462338370,S2-467051817,S2-4735407,S2-474738950,S2-482750188,S2-486669991,S2-490777873,S2-503792831,S2-508600912,S2-512319081,S2-527470746,S2-535280372,S2-539034342,S2-539953239,S2-546872393,S2-560072410,S2-565462089,S2-566557047,S2-573780201,S2-581619463,S2-590222088,S2-615968375,S2-621957046,S2-622398844,S2-62709696,S2-633750945,S2-634466562,S2-649240822,S2-660217968,S2-692329369,S2-715443756,S2-716605032,S2-717079231,S2-72158227,S2-725748984,S2-731610758,S2-739966258,S2-747949834,S2-751975734,S2-765185639,S2-773175994,S2-798784547,S2-820663634,S2-853136988,S2-871266650,S2-874622618,S2-892175071,S2-910454358,S2-925664698,S2-947408913,S2-949658430,S2-954232034,S2-973124853,S2-975802745,S2-979234242,S3-128515999,S3-180445801,S3-249317537,S3-31961236,S3-348558762,S3-356998661,S3-419495997,S3-467572009,S3-49181058,S3-51126832,S3-528267893,S3-557809568,S3-56844924,S3-604628886,S3-609144702,S3-713687562,S3-730043286,S3-754072011,S3-764685224,S3-789324339,S3-802721688,S3-812163751,S3-907746908,S3-952200773,S3-953879173
S1-210255866	S2-951220757,S3-104648080,S3-142662701,S3-420000255,S3-677967996
S1-210264008	S2-456715035,S3-589721134
S1-211034741	S2-719170875,S2-89971750,S3-126973392
S1-211136456	S2-437589161,S2-515213589,S2-576560890,S3-702142774,S3-91439424
S1-211144640	S2-189199743,S2-400815513,S2-83256007,S2-964956359,S3-722441870,S3-742976067,S3-771036352,S3-815518139
S1-211635723	S2-593435070,S3-992948472
S1-211874329	S2-778404012
S1-212363226	S2-185225770,S2-555095448,S2-910154690,S3-310095974,S3-756538645,S3-916835590
S1-213649715	S2-171441738,S2-499422751,S3-749041205,S3-919868245
S1-215354145	S2-4299547,S2-505736518,S2-519522366,S2-54033879,S2-540687871,S2-563255340,S2-675837662,S2-790465795,S3-543309054,S3-58424902,S3-950580462
S1-215536876	S2-669236794,S2-984074376,S3-596045416
S1-215707398	S2-289348944,S2-469300729,S2-811323033,S3-711419498
S1-216329213	S3-238629635,S3-71951901
S1-218077197	S2-189653602,S2-711315024,S2-895156444,S3-301202670,S3-357154879,S3-588839438,S3-706252294
S1-219569074	S2-111299821,S2-138257415,S2-14586796,S2-16035988,S2-175123405,S2-178759326,S2-331408895,S2-363607058,S2-474385147,S2-532498367,S2-642696703,S2-657575654,S2-675389858,S2-681575516,S2-702424069,S2-717645169,S2-723012053,S2-730223032,S2-828313089,S2-980822181,S3-117731631,S3-118271258,S3-123553717,S3-126161770,S3-142662701,S3-155404395,S3-166192093,S3-171042443,S3-187618463,S3-196942038,S3-22012811,S3-240456580,S3-24074754,S3-245612191,S3-263317529,S3-263499630,S3-27041012,S3-273999350,S3-28061917,S3-290199096,S3-318815112,S3-336875197,S3-354863834,S3-393761860,S3-400308244,S3-413114405,S3-415622416,S3-427082357,S3-434117774,S3-455575153,S3-492984624,S3-501877088,S3-519453197,S3-520058973,S3-548199280,S3-568101871,S3-584282268,S3-603823870,S3-614895900,S3-684663219,S3-712519860,S3-720894292,S3-730741110,S3-772104527,S3-799376158,S3-803809089,S3-808036318,S3-810044144,S3-816359750,S3-823064560,S3-878006604,S3-898663905,S3-935801,S3-93925978
S1-220059099	S2-971363543
S1-2205757	S2-120336473,S2-131641546,S2-155542145,S2-182122788,S2-192646540,S2-204682450,S2-215814288,S2-303822688,S2-313005567,S2-373362310,S2-395810184,S2-427307144,S2-435854364,S2-48655118,S2-512319081,S2-541604574,S2-553774880,S2-615968375,S2-621957046,S2-633750945,S2-649240822,S2-717079231,S2-765185639,S2-798217782,S2-812699677,S2-844139904,S2-910454358,S2-919394886,S3-271008849,S3-385206946,S3-51126832,S3-528267893,S3-604628886,S3-60594682,S3-609144702,S3-690091512,S3-781468756,S3-810283426
S1-220638624	
S1-222008936	S2-939606253,S3-620864999
S1-222796142	S2-236091014,S2-751329139,S3-141948547,S3-199888622,S3-275930054,S3-888202193
S1-22308018	S2-121776025,S2-152756624,S2-83996201,S2-844481430
S1-223572573	S2-196601282,S2-311119814,S2-520316426,S2-523270071,S2-618037549,S2-880259477,S3-329210644
S1-22367105	S2-897771479,S3-354022254,S3-376730817,S3-773630298
S1-223973004	S2-130981344,S2-145945903,S2-629517585,S3-277758270
S1-224290523	S2-299832823,S2-591261393,S3-769884184
S1-224361062	S2-663663161,S2-867488601,S2-940989056,S3-702016371
S1-225094202	S2-287174851,S2-470147466,S2-713364360,S2-844038451,S3-4199207,S3-728476856
S1-225934729	S3-305749473,S3-337914517
S1-22607493	S2-58919310,S2-788367690,S3-346554890
S1-226249096	S2-949680833,S3-317747568,S3-605106460,S3-793932348
S1-227049875	S2-586218818,S2-661676635,S2-812845340,S3-679066653
S1-227113824	S2-531542748,S3-692452257,S3-890680175
S1-227425791	S2-250491732,S2-633794048,S3-116866023,S3-455391993
S1-227528541	S2-144128090,S2-561474614,S2-673434066,S2-789626670,S3-232448770,S3-260681754,S3-367663741
S1-228642080	S2-209697635,S3-272280923,S3-417536849
S1-229128989	S2-363251479,S2-466875505,S2-844355786,S3-285306721,S3-319443608,S3-406687625,S3-753619265,S3-857681136
S1-229574890	S2-408428656,S2-515436122,S2-79371204,S3-578840591,S3-989685337
S1-229656293	S2-204896839,S2-3353401,S2-455234910,S3-196518477,S3-230390781,S3-298783767
S1-229740967	S2-136527097,S2-178545240,S2-200098053,S2-338085364,S3-160042185,S3-687954005
S1-229801334	S2-455287313,S2-877828760,S3-668035038
S1-230566051	S2-625381354,S3-528308306
S1-23076244	S2-271932403,S2-458640966,S2-583349500,S2-817140649,S3-874260182,S3-939792208
S1-231441823	S2-303352753,S2-665324471,S2-784564008,S2-831328964,S2-958400485,S3-372144629,S3-46231520,S3-590071943,S3-762548514,S3-859284632
S1-232073030	S2-112160299,S2-182282325,S2-247703115,S2-297171374,S2-326460571,S2-336710848,S2-35554040,S2-389191690,S2-393794248,S2-394390305,S2-423709852,S2-442290654,S2-454110857,S2-512059400,S2-535152169,S2-536569453,S2-555008182,S2-560640973,S2-573097389,S2-626711432,S2-6370899,S2-644542231,S2-650536091,S2-740236485,S2-757500657,S2-762552526,S2-773205318,S2-807302533,S2-813048361,S2-825556124,S2-835692087,S2-845304696,S2-856996028,S3-110122286,S3-151959827,S3-171385915,S3-25536132,S3-309993071,S3-354510737,S3-397745064,S3-410026630,S3-455409469,S3-487828272,S3-495938269,S3-509500368,S3-569056393,S3-580899591,S3-594491381,S3-615890284,S3-618287981,S3-620127214,S3-648759812,S3-833196880,S3-840047870,S3-970260854,S3-991173961,S3-994187963
S1-232781465	S2-430318399,S2-517384275,S2-873833376,S2-897967287,S2-903985124,S2-951218555,S3-211377743,S3-624098669,S3-673633318,S3-774227335,S3-884991680
S1-232978292	S2-123237967,S2-165488780,S2-673377690,S2-689175737,S2-809426617,S3-73299293
S1-233194764	S2-131973803,S2-192127940,S2-259041573,S2-342793504,S2-358097553,S2-697092005,S2-754904635,S3-129606300,S3-965312881
S1-233227723	S2-29981833,S3-197606423,S3-806144243
S1-233585540	S2-435819398,S2-438405688,S2-448453984,S2-534226976,S2-643662824,S3-305391051,S3-588637611,S3-730495
S1-233796577	S2-223365343,S2-306085359,S2-441447456,S2-483107728,S2-493207734,S2-741465567,S2-796247607,S2-807046019,S3-335133927,S3-395196136,S3-749264980
S1-234017027	
S1-235230404	S2-541618029,S2-675196265,S2-778353474,S2-786938210,S3-194683600
S1-236611120	S2-397711027,S2-451687975,S2-798480042,S2-926048745,S3-264287020,S3-792358070
S1-237120198	S2-595548826
S1-238120053	S2-581487458,S2-915290976,S3-48987898,S3-746978186
S1-23867334	S2-428739710,S3-204612933
S1-239160370	S2-399247856,S2-507991284,S2-583416146,S2-886710137,S2-917405403,S3-378561590,S3-772580767
S1-239220133	S2-39235903,S3-447130521,S3-636073349,S3-747863494,S3-95126186
S1-239575794	
S1-239638178	
S1-240089040	S3-724096519,S3-98951320
S1-240579398	S2-475970819,S3-224939845,S3-451579199,S3-596292955
S1-243029048	S2-518992353,S3-18652627,S3-250938961
S1-243632678	S2-637898550,S3-156077390,S3-210665315,S3-271445261,S3-873507118
S1-243951849	S2-15051891,S2-160261431,S2-358019795,S2-459949051,S2-670348830,S2-748019010,S2-764887699,S2-796970788,S3-115691969,S3-203106643,S3-317101995,S3-506122263,S3-50815472,S3-526318618,S3-613903137,S3-618639849,S3-831018602,S3-890398987
S1-24397495	S2-75435758,S3-225568623,S3-671649696,S3-994816708
S1-244225517	S2-72183385,S3-180868747,S3-756622505
S1-244613171	S2-753197072,S3-10315119,S3-220457872,S3-234886056,S3-637942564
S1-244723389	S2-123160256,S2-145541095,S2-154956498,S2-327278838,S2-360783198,S2-409768810,S2-422277599,S2-527998637,S2-554506939,S2-594696656,S2-864453128,S3-209517333,S3-215674198,S3-646630077,S3-688170811,S3-861480313,S3-975072278
S1-245521963	S2-29892224,S2-375317504,S2-409096888,S2-585449687,S3-129601738,S3-192536573,S3-675445656,S3-991112629
S1-245781079	S2-35142017,S2-873707760,S3-118752981,S3-244388059,S3-482925875,S3-789092626
S1-24588920	S3-700941711,S3-911740636
S1-246213447	S2-123160256,S2-263594852,S2-283438467,S2-324680018,S2-336214481,S2-343549845,S2-397787002,S2-408826635,S2-436021164,S2-574390896,S2-596619574,S2-748326997,S2-80659537,S2-82076220,S2-894905288,S3-155262681,S3-443279794,S3-756010523,S3-904244039
S1-247201393	S2-227317729,S2-388005701,S2-864644975,S2-898873359,S3-209899590,S3-618574064
S1-247790835	S2-198385091,S2-49858289,S2-788004194,S3-492922930,S3-775668358,S3-852599897,S3-971452402
S1-248173578	S2-120491622,S2-139427247,S2-149682379,S2-329226195,S2-369129349,S2-460330204,S2-514833016,S2-583416146,S2-647977522,S2-677167018,S2-783423076,S2-831552640,S2-862554619,S3-200695261,S3-85812307
S1-248345974	S2-340440793,S2-548291539,S2-613100336,S3-230399360,S3-554210254,S3-905138330
S1-249168650	S2-915734747,S3-144217344,S3-510253581
S1-2498176	S3-386214891,S3-709758016
S1-250134266	S2-495738695,S2-56026158,S2-613971810,S2-671518932,S3-227933329,S3-363577189,S3-781027074,S3-833843066
S1-25155599	S2-742868482,S3-444413705,S3-501548407
S1-252679930	S2-130342931,S2-718261114,S3-482982663
S1-253168923	S2-214643695,S2-303964778,S2-71825806,S3-455518770
S1-253903411	S2-211074522,S2-228571913,S2-373702633,S2-390474791,S2-614749359,S2-840042716,S3-150507887,S3-311876884,S3-377507596,S3-551932105,S3-596336658,S3-654427348,S3-725007340,S3-830048858,S3-85438564,S3-877055204,S3-879321070,S3-956776854
S1-254053251	S3-164006533,S3-840918109
S1-25407590	S2-711309481,S2-873593900,S3-406986016,S3-760816136,S3-815190806
S1-254897703	S2-389851913,S2-618463331,S3-251848147,S3-756356035
S1-255578110	S2-998140307,S3-260149870,S3-301490066
S1-255653032	S2-228090392,S2-860362035,S3-129077197,S3-543401297,S3-637911546,S3-643284887,S3-928461931
S1-256294247	S2-203279738,S2-214090483,S2-336087266,S2-751974936,S3-22692368,S3-269148275
S1-256778008	S2-151713832,S2-2757746,S2-440988096,S2-461687748,S2-487245946,S2-503104774,S2-549194858,S2-588040848,S2-717645169,S2-870542339,S2-987590239,S3-155953990,S3-193889685,S3-252351430,S3-291261538,S3-415622416,S3-706609419,S3-730741110,S3-823064560,S3-87574796,S3-895513120
S1-257033709	S2-148359866,S2-151486052,S2-156700731,S2-228302982,S2-658026947,S2-820220584,S2-893822757,S3-206605850,S3-214892082,S3-280976317,S3-61139207,S3-61731794,S3-912197208
S1-257071106	S2-293423963,S2-322532476
S1-257846716	S2-256505194,S2-301672160,S2-744221911,S3-747985799,S3-843884600
S1-257896113	S2-263312452,S2-344740522,S2-378206082,S2-621538604,S2-678491336,S3-155953990,S3-347533586,S3-474294545,S3-829352063,S3-845704349,S3-888785079
S1-258319940	S2-141060787,S2-258594060,S2-311811411,S2-482417258,S2-642810454,S2-68398475,S2-815641555,S2-918206888,S2-983837825,S3-449092656,S3-488563354,S3-516640290,S3-620178785
S1-258531529	S2-212177470,S2-352116283,S2-51682379,S2-721614335,S2-978207632,S3-577064480,S3-670624426,S3-713666514
S1-258616659	S2-684052485,S2-840218025,S2-84983943,S3-530275413,S3-66793244,S3-704537379
S1-259041316	S2-75111455,S3-596374753
S1-261532988	S2-300790722,S2-388654740,S2-693015215,S2-959364542,S3-112601707,S3-398529400,S3-619596859,S3-654796273,S3-950580462
S1-261971202	S2-194182873,S2-638783275,S3-156652823
S1-262201247	S2-11494376,S2-260385818,S2-336731520,S2-394478018,S2-407195129,S2-483491849,S3-323403824,S3-400892839,S3-565245856,S3-69323428
S1-262562207	S2-17850416,S2-343250350,S2-550297217,S3-154996264,S3-187618463,S3-214216583,S3-263317529,S3-354863834,S3-400308244,S3-415622416,S3-423676847,S3-501877088,S3-512220721,S3-544171913,S3-55665882,S3-568862864,S3-571852962,S3-58524409,S3-603823870,S3-664739147,S3-684729638,S3-730741110,S3-799376158,S3-816359750,S3-93925978
S1-262877901	S2-718612633,S2-825605323,S3-206596281,S3-394011117,S3-749050684,S3-810700103,S3-967871667
S1-262926714	S2-492120333,S2-573915670,S2-897462610,S3-416014960,S3-718668696
S1-263192171	S2-135560743,S2-38356436,S2-390144779,S2-415405885,S2-415476574,S2-450227324,S2-899205255,S2-930373992,S2-949017450,S2-967115224,S3-156609613,S3-168384574,S3-350962027,S3-387741261,S3-687778264,S3-79057617,S3-809244623,S3-951163936,S3-981744011
S1-263215243	S2-228262908,S2-512589069,S3-350342300,S3-387288382,S3-580334425
S1-263562940	S2-24567149,S2-390309194,S2-501101378,S2-686293759,S3-120502429,S3-160020138,S3-400545065,S3-969998539
S1-264390254	S2-304351657,S2-561297401,S2-872688612,S3-231793439,S3-765250912
S1-264571724	
S1-26523833	S2-172277117,S2-719752197,S2-788461461,S3-311616237,S3-379677554
S1-26567993	S2-580263951,S2-90606444,S3-179400379,S3-250989721,S3-352103037,S3-772849769,S3-922427384
S1-265702453	S2-837701396,S3-151144398,S3-858693117
S1-265778936	S2-803023592,S2-976131554,S3-325001906,S3-418032162,S3-848917927
S1-265884188	S2-856285341
S1-266189722	S2-449348065,S2-509499394,S2-825755260,S2-937380695,S2-942901494,S3-165767254,S3-169472071
S1-266544536	S3-21926979,S3-227920338
S1-266618179	S2-289628853,S2-430043830,S2-508863687,S2-545095058
S1-266809342	S2-339166327,S3-21012518,S3-559995584,S3-941738355
S1-267412587	S2-783078514,S2-844853269,S3-126194250,S3-576746462
S1-267776349	S2-758879512,S2-922555537,S2-934573433,S3-691216911
S1-267879578	S2-200348750,S2-234618478,S2-522417251,S2-563774764,S3-548530080
S1-267926944	S2-26413419,S2-475530620,S2-583927959,S3-242290022,S3-401417884,S3-440057025
S1-268247161	S2-602016023,S2-797831131,S3-825052229
S1-268468322	S2-15987655,S2-92857167
S1-268573273	S2-139544269,S2-727337590,S3-705862811,S3-712802472
S1-270099616	S2-324613732,S2-687819940,S3-821596126,S3-940072800
S1-270621998	S2-181674216,S3-411374598,S3-430207286,S3-450702691
S1-270835520	S2-325337003,S2-905270047,S3-104943889,S3-924606182
S1-27142903	S2-216981508,S2-283396217,S2-498778406,S3-370031919,S3-688938312
S1-272009402	S2-201898878,S2-402428134,S2-919456861,S3-295410960,S3-366162466,S3-663610689,S3-868369542,S3-978075841
S1-272136933	S2-384464415,S2-699665075,S3-243289823
S1-272155663	S2-215778429,S2-594826795,S3-438550240,S3-525646786,S3-829396368
S1-272959641	S2-168021852,S2-171653904,S2-373702633,S2-392579089,S2-401173946,S2-567366965,S2-719726221,S2-98303092,S3-114951618,S3-311876884,S3-377507596,S3-481873092,S3-500779849,S3-544171913,S3-664739147,S3-684729638,S3-849442940,S3-86574447,S3-923232272,S3-985712561
S1-273894151	S2-170496715,S2-207141010,S2-285830230,S3-49572669
S1-273932196	S2-14665532,S2-162187120,S3-949341466
S1-276101699	S2-256970151,S3-15294312,S3-687844693,S3-860644724,S3-99087190
S1-276115112	S3-452239518,S3-900335216
S1-276490740	S2-984980513,S3-106750122,S3-407416592,S3-671104589
S1-27667649	S2-412127748,S3-894259164,S3-993893634
S1-277423381	S2-417168475,S2-651459065,S3-920558308,S3-943708557
S1-27756730	S2-555745376,S2-607733004,S2-980678561,S3-762947987,S3-886569072
S1-278363914	S2-605291073,S2-779461710,S3-366606811,S3-491945325,S3-640321565
S1-278832153	S2-142116275,S2-420416386
S1-27952195	S2-640193490,S3-265414381
S1-280652569	S2-282994057,S2-648574504,S2-810285613,S2-895785554,S3-205561383,S3-209660477,S3-481606768,S3-612475009,S3-984428980
S1-281641466	S2-224848450,S2-471530126,S2-559704787,S2-999150955,S3-232153076,S3-297916931,S3-303022171,S3-432966159,S3-433492548,S3-772912089,S3-888692152,S3-949928855,S3-994068528
S1-282294673	S2-745717876,S3-212073996,S3-451592690,S3-644879713
S1-282771463	S2-256071637,S2-263422650,S2-902537247,S3-104088778,S3-39970922
S1-283127304	S2-106626519,S2-123524661,S3-574565666,S3-993713768
S1-28390839	S2-460330204,S2-551152705,S2-797784574,S2-806923579,S3-247233338,S3-26967129,S3-325643025,S3-389032009,S3-682042356,S3-879159988,S3-972157828
S1-284788942	S2-273504237,S3-432563749
S1-285092388	S2-842640519,S3-362842555,S3-617864515
S1-286014691	S2-769932273,S2-820623466,S2-916120646,S3-778541934
S1-28664043	S2-102013466,S2-446477042,S3-527210552
S1-287541726	S2-553899317,S2-584040314
S1-28762548	
S1-288171966	S2-519892237,S2-942506058,S3-496071497
S1-289341667	S2-630240734,S3-521988819
S1-289692975	S2-17299974,S2-783157556,S2-846902489,S3-373382992,S3-731994005,S3-923335933,S3-926181367
S1-289725508	S2-135242285,S2-470524293,S3-294246906,S3-364171068,S3-725427889
S1-289792760	S2-152706432,S2-572549238,S2-587046319,S3-517368493
S1-290176159	S2-484201620,S2-552276647,S3-877664583
S1-290441787	S2-634498487,S3-182897423,S3-211345381,S3-559059271,S3-631971081,S3-665781869,S3-827871297,S3-91138727,S3-917010534,S3-958259376
S1-290883165	S2-479174851,S2-523082395,S2-889081032,S3-24837231,S3-443951219,S3-512925773,S3-657031922
S1-290906735	S2-261336822,S2-435984900,S2-5050362,S2-690743990,S3-479886624,S3-508777356,S3-706773320
S1-291875860	S2-61258414
S1-292086069	S2-153193549,S3-639950632,S3-8375959
S1-292593300	S3-291880371,S3-594971572,S3-893033824
S1-29310077	S2-474573540,S3-130107204,S3-403851057
S1-293403344	S2-329360380,S2-405745680,S2-776427342,S3-182570953,S3-820198930
S1-294934721	S2-544764777,S2-569427763,S3-531773552
S1-296172634	S2-441636599,S2-70012592,S2-829638399,S2-965371012,S3-459194834,S3-589036269,S3-623076682,S3-759771575,S3-921002265
S1-296461667	S2-143555694,S2-736629115,S2-790631888,S3-414625788
S1-297594333	S2-241715110,S2-388012541,S2-459550912,S2-797199824,S3-160636208,S3-249148031,S3-717138705
S1-299068367	S2-377784357,S2-552287817,S2-71672444,S2-961621195,S3-119582599,S3-412573829,S3-917674353
S1-299908082	S2-171094733,S2-923829274,S3-431128639,S3-901808404
S1-300714164	S2-41011484,S2-98562326,S3-422918487,S3-535511470
S1-300761029	S2-267335655,S2-451297310,S3-800505233
S1-300794758	S2-47169456,S2-548685249,S3-581704087,S3-676925794
S1-301984798	S2-387491462,S3-414588711,S3-622070928
S1-302489373	S2-243756362,S2-622569110,S3-329259365,S3-765726828
S1-303042951	S2-959191780
S1-303962519	S2-449636368,S2-734884692,S3-143826596,S3-85092618
S1-304806502	S3-436222468,S3-726551363,S3-731698413,S3-823870215
S1-304967180	S2-160968348,S2-455308420,S2-704715793,S2-84494111,S2-944920320,S2-955300457,S3-210042613,S3-370931996,S3-816075730
S1-305188593	S2-414392921,S2-525824128,S2-983148894,S3-226967266
S1-305225305	S2-596997759,S3-503287654,S3-951258476
S1-305420066	S2-244871069,S3-119133173,S3-588141065
S1-307006298	S2-102515684,S2-239023281,S2-396611398,S2-552337501,S2-72401113,S2-77505551,S3-265522109,S3-728852977
S1-308358807	S2-280233509,S2-726253995,S2-832813171,S3-142069812,S3-681195048,S3-85772591,S3-941039527
S1-308516406	S2-446736918,S2-467351922,S3-452180333,S3-66265940
S1-30858414	S2-239603162,S2-722016438,S3-281546232,S3-572225252,S3-708130675
S1-309403969	S2-347826817,S2-512627307,S2-922569359,S3-187370222,S3-875038611
S1-310189894	S2-606699956,S3-68508729,S3-935484344
S1-311508798	S3-508395321,S3-847929289
S1-311791263	S2-405888415,S2-888196953,S3-305499656,S3-874094940
S1-311940741	S2-573280019,S2-580918746,S2-736629115,S2-797285454,S2-930163835,S2-9629601,S3-408941438,S3-516011380,S3-789387673,S3-906889807
S1-31229613	S2-112160299,S2-182282325,S2-19110677,S2-297171374,S2-326460571,S2-35554040,S2-393794248,S2-394390305,S2-423709852,S2-454110857,S2-508636781,S2-512059400,S2-535152169,S2-560640973,S2-573097389,S2-626711432,S2-6370899,S2-644542231,S2-650536091,S2-740236485,S2-757500657,S2-762552526,S2-773205318,S2-807302533,S2-813048361,S2-825556124,S2-835692087,S2-845304696,S2-86233982,S3-151959827,S3-309993071,S3-397745064,S3-495938269,S3-526812808,S3-5677346,S3-615890284,S3-618287981,S3-646463686,S3-648759812,S3-695601854,S3-840047870
S1-314104726	S2-121098883,S2-321356350,S2-549223151,S2-739532479,S3-120917570,S3-127178806,S3-254632308,S3-36982600,S3-513496594,S3-662368992,S3-750543144,S3-938131797
S1-314154935	S2-147774130,S2-318977757,S3-183113492,S3-403160093
S1-314539380	S2-200011828,S2-205625281,S2-38082880,S2-669194902
S1-314545436	S2-310018766,S2-739441898,S3-122130305,S3-199449879
S1-315492120	S2-581678091,S2-717979890,S2-719989503,S2-924676254,S3-538598905,S3-579179184
S1-316056178	S2-658974844,S3-560936266
S1-316198249	S2-867851019,S3-498836486
S1-316685580	S2-892467577
S1-317394458	S2-323438768,S2-378563864,S2-464674986,S2-547095821,S2-662763007,S2-878799813
S1-317539737	S2-151691134,S2-379060143,S2-470198120,S2-566078518,S2-722137573,S3-745892946,S3-820876196,S3-865636049,S3-911631111
S1-317620285	S2-391685700,S2-663128927,S2-850455988,S2-912741836,S3-19941441,S3-405330259,S3-673583462,S3-798230813,S3-873129784
S1-317966991	S2-123914172,S2-281623178,S3-772232548
S1-318013847	S2-135289854,S2-405618761,S2-583561998,S3-181779512,S3-252936505,S3-60887970
S1-318355990	S2-990000655,S3-326449861,S3-478966911,S3-717389340
S1-319262195	S2-135289854,S2-207730618,S2-405618761,S2-571335452,S2-774595100,S2-853127356,S3-154071832,S3-159761515,S3-181779512,S3-252936505,S3-375193264,S3-543517879,S3-607097809,S3-60887970
S1-319645269	S2-126845662,S2-170123370,S3-364517484,S3-394856117
S1-319966296	S2-134253720,S2-628206536,S3-425299807,S3-798123196
S1-320298157	S2-940994188,S3-159953080,S3-322452743,S3-806556028
S1-321131009	S2-654723284,S3-323519424,S3-538904018,S3-691569563,S3-694013922,S3-975465588
S1-321144046	S2-15475521,S2-209218162,S2-34514249,S2-438405688,S2-448453984,S2-534226976,S2-937723366,S2-981997985,S3-190542246,S3-474294545,S3-575394524,S3-577724564,S3-588637611,S3-67284676,S3-681531153,S3-750524843,S3-985167223
S1-321474731	S2-203480763,S2-343604538,S2-358412134,S2-424022015,S2-461553799,S2-512158214,S2-623005735,S2-763630919,S3-115206517,S3-220268435,S3-642908212
S1-321837609	S2-138398245,S2-161958157,S2-200888854,S2-204682450,S2-204742663,S2-215814288,S2-243171422,S2-283906277,S2-293012243,S2-325279316,S2-343051226,S2-359363339,S2-389348200,S2-43824315,S2-455086001,S2-46291612,S2-4735407,S2-474738950,S2-47604384,S2-486544070,S2-486910485,S2-497595499,S2-503605889,S2-560072410,S2-57339913,S2-580459679,S2-590222088,S2-634466562,S2-667676743,S2-716605032,S2-731610758,S2-739966258,S2-747949834,S2-751975734,S2-761058995,S2-773175994,S2-799562267,S2-804985211,S2-809474664,S2-843058880,S2-861502204,S2-871266650,S2-879224565,S2-892175071,S2-918497788,S2-925664698,S2-947278826,S3-161084328,S3-493024367,S3-560492006,S3-591567981,S3-690606881,S3-693584904,S3-705041867,S3-991688186
S1-321958756	S2-611174207
S1-322248246	S2-131641546,S2-215814288,S2-303822688,S2-427307144,S2-435854364,S2-512319081,S2-539953239,S2-590222088,S2-599975490,S2-615968375,S2-621957046,S2-633750945,S2-649240822,S2-660217968,S2-717079231,S2-751975734,S2-910454358,S3-191391476,S3-604628886,S3-794619399
S1-322346257	S2-876337553,S2-959884594,S3-23990319,S3-568522398,S3-765052721
S1-323454871	S2-344224217,S2-829188174,S2-87457418,S2-965680866,S3-792724428,S3-97243378
S1-324102511	S3-623268765
S1-324445265	S2-262551631,S2-727773054,S3-393218001,S3-772804439
S1-325045080	S2-189566095,S3-130799748,S3-62234329,S3-711478198,S3-877689587
S1-325414259	S2-303406761,S3-114943091,S3-389902709,S3-992949315
S1-325467721	S2-246939097,S2-608000623,S2-879880255,S3-381922207
S1-325547405	S2-944787036,S3-102750153,S3-240783244,S3-490314968,S3-598131431
S1-325685394	S2-115345544,S2-160112256,S2-509096468,S2-661484403,S3-115118812
S1-325953783	S2-300714779,S2-341964473,S2-90742093,S3-179207736,S3-628659397
S1-326048618	S2-574731894,S2-772097061,S3-203337608,S3-440394418
S1-32629897	S2-440214281,S2-507663237,S2-658116388,S3-295350988,S3-40452701,S3-608064497
S1-326728372	S2-188684036,S2-232791885,S2-238701842,S2-277144045,S2-321014688,S2-361650502,S2-387943881,S2-390535265,S2-470611935,S2-479007574,S2-509064758,S2-541703498,S2-568865902,S2-635192694,S2-655906915,S2-706292192,S2-735160104,S2-767120590,S2-871344720,S2-873834577,S2-966743745,S2-968487052,S2-973237553,S3-119333370,S3-121051108,S3-124849088,S3-147751238,S3-187618423,S3-258396715,S3-27900416,S3-279288105,S3-362173097,S3-380064487,S3-399087855,S3-416475349,S3-455770322,S3-456004019,S3-466599489,S3-500087981,S3-507020457,S3-533580878,S3-578207691,S3-744894391,S3-872186608,S3-928488579,S3-971355957,S3-998223938
S1-328304041	S2-496726786,S2-512696395,S2-618697775,S2-878116033,S2-978386911,S3-447139734,S3-698606667
S1-329614377	S2-172372151,S2-506999375,S2-928540054,S2-945276674,S3-424204660,S3-619732466,S3-703194899
S1-330954453	S2-131433090,S2-132324478,S2-574037055,S2-635006333,S2-656608113,S2-806180359,S2-873392592,S3-393831616,S3-849188765
S1-331775081	S2-191562351,S2-196517150,S2-54666800,S3-638017097
S1-331834392	S2-143588220,S2-185484796,S2-221636647,S3-507324601,S3-640339157
S1-332784262	S3-252534176,S3-332614298
S1-332900299	S2-118734483,S2-12197455,S2-346686351,S2-527496150,S2-652020498,S2-853980422,S2-903140926,S3-471271473,S3-53271107
S1-332921024	S2-100138094,S2-11976805,S2-157771941,S2-257378116,S2-345246697,S2-345305247,S2-368962949,S2-48543925,S2-558160267,S2-667908652,S2-750594241,S2-834371692,S2-870382015,S2-876951696,S2-885375432,S2-894765413,S2-95242395,S2-989213363,S3-121105013,S3-400383706,S3-66753167,S3-784452001,S3-860513506,S3-865593574
S1-333346088	S2-291789162,S2-739767734,S3-362850907
S1-334222600	S2-747084062,S2-963886152,S3-853901644,S3-901334074
S1-334483516	S2-234895354,S2-959848411,S3-626624844,S3-795313737,S3-814064957
S1-335467078	S2-223820568,S2-256807005,S2-975074680,S3-31388258,S3-863111557
S1-335841335	S2-395081073,S2-426772558,S2-739525613,S2-869092673,S3-534492649,S3-603710727,S3-891475887
S1-335873268	S2-23800364,S2-290927163,S3-34870717
S1-337004465	S2-480179192,S2-792492427,S2-918158647,S3-233188628,S3-633249186
S1-337434233	S2-41204560,S2-619579957,S2-717645169,S3-187618463,S3-263317529,S3-415622416,S3-501877088,S3-523084056,S3-603823870,S3-730741110,S3-790686299,S3-806762709,S3-824327699,S3-866519291,S3-93925978,S3-965268423
S1-3374632	S2-135181959,S2-185515257,S2-456512193,S3-307123011
S1-338608574	S2-198308883,S2-337231854,S2-462608386,S2-480286436,S3-157353354,S3-385433670,S3-914655222
S1-339996061	S2-445351561,S2-533122646
S1-340322205	S2-148101622,S2-179196545,S2-19934052,S2-353694696,S2-898536000,S3-160133087,S3-314905596
S1-340740905	S2-367765752,S2-435396543,S2-448633802,S2-698830062,S2-801430040,S3-398099447,S3-972414737
S1-341188428	S2-180764489,S2-259995308,S2-527437889,S2-73995764
S1-341440165	S2-141169630,S2-182122788,S2-879224565,S3-186530118,S3-533087222,S3-970290883
S1-34266548	S2-303645669,S2-697864363,S2-778458513,S3-985502878
S1-343314713	S2-542157213,S2-772097061,S3-113752542,S3-273148823
S1-343838750	S2-283045008,S2-394828120,S2-726402380,S2-875711148,S3-142646493,S3-254122423,S3-605517723,S3-859826793,S3-992839993
S1-344016170	S2-165839990,S2-19600710,S2-215814288,S2-427307144,S2-435854364,S2-596133153,S2-615968375,S2-839666738,S3-180445801,S3-356998661,S3-467572009,S3-51126832,S3-609144702,S3-890894109,S3-894250185,S3-915683201
S1-344035082	S2-575303469,S3-116608309,S3-534164366,S3-709116678,S3-986859712
S1-34504685	S2-848607836,S2-902290345,S2-934385341,S3-283558070,S3-523968815,S3-787163046
S1-345344463	S2-731601561,S3-474125535
S1-345549588	S2-106662129,S3-5665620,S3-689370137
S1-346662545	S2-123972301,S2-567401464,S2-852138716
S1-346739858	S2-392343833,S2-602417904,S3-2511203,S3-282172782
S1-347024333	S2-489730461,S3-814985250,S3-985497790
S1-347624389	S2-361309739,S2-788794508,S3-501495918,S3-663439869
S1-34766733	S2-120336473,S2-182122788,S2-205119923,S2-215814288,S2-223426000,S2-287799633,S2-291679645,S2-296474440,S2-306818500,S2-313005567,S2-314765395,S2-409359830,S2-428236266,S2-435854364,S2-440579789,S2-486544070,S2-503792831,S2-516666842,S2-524177982,S2-535948269,S2-563054809,S2-566557047,S2-613293110,S2-615968375,S2-623302686,S2-633750945,S2-642996106,S2-644822298,S2-719328637,S2-728233120,S2-751975734,S2-761229407,S2-764690129,S2-821660009,S2-834992331,S2-843515484,S2-844139904,S2-848332818,S2-874352240,S2-879224565,S2-896711309,S2-901797980,S2-910454358,S2-927734185,S2-936298760,S2-967563079,S2-979234242,S2-980951002,S2-985276993,S2-989140903,S2-996097614,S3-114080755,S3-114135760,S3-124327720,S3-148081125,S3-29505988,S3-328502865,S3-334094958,S3-348558762,S3-352789803,S3-405659010,S3-460576189,S3-472717227,S3-494013016,S3-51126832,S3-550052523,S3-604628886,S3-606970115,S3-609144702,S3-609710144,S3-66480711,S3-752041131,S3-794718603,S3-797340960,S3-838047621,S3-884784713,S3-91345926,S3-922455376,S3-93140514,S3-94699658
S1-34777510	S2-635156622,S2-649903792,S2-670381678,S3-64936328
S1-34791672	S2-42888365,S2-469497733,S2-502597178
S1-348632919	S2-118606738,S2-121024454,S2-332971848,S2-499817931,S2-640831931,S2-840749442,S2-955750672,S3-297640382,S3-360356967,S3-363405694,S3-805054253
S1-348726223	S2-31583873,S2-921619188,S3-309230720,S3-545203207
S1-349828269	S2-613356318,S3-677493337
S1-350169018	S2-158154200,S2-341384788,S2-342987468,S2-444016500,S2-444564186,S2-451475035,S2-573033199,S2-573590166,S2-629449858,S2-824185233,S2-873833376,S3-544979436,S3-631508758,S3-638097755,S3-793606802
S1-350266836	S2-380286900,S2-925184312,S3-564277986
S1-350479161	S2-109012183,S2-187392805,S2-256680263,S2-550795994,S2-590967019,S2-699006960,S2-804256804,S2-81380710,S2-817416792,S2-943268098,S3-146498499,S3-56849115,S3-652342803
S1-351022799	S2-192675965,S2-36313607,S3-135875861,S3-161788382,S3-423793715,S3-741664721
S1-351050651	S2-139049670,S2-498643603,S2-520282544,S2-879247913,S3-130913488,S3-148575054,S3-246390330,S3-252205107,S3-483448674,S3-654439118,S3-73641856,S3-852759180,S3-917110493,S3-967362455
S1-351916067	S2-286024891,S2-76480901,S2-803386610,S2-849549781,S2-906475306,S2-996093838,S3-410188267,S3-764872946,S3-974582736
S1-352276366	S2-823560395,S3-253227035,S3-695203955
S1-352752494	S2-473701633,S2-698818649,S3-296194869,S3-489240860,S3-69769922,S3-728849481
S1-352862962	S2-368376528,S2-491469160,S2-5670223,S2-795397129,S3-501309715,S3-609574189,S3-918082720
S1-353010515	S2-112160299,S2-182282325,S2-331884071,S2-336710848,S2-35554040,S2-393794248,S2-394390305,S2-423709852,S2-442290654,S2-454110857,S2-512059400,S2-535152169,S2-536569453,S2-555008182,S2-560640973,S2-573097389,S2-592887725,S2-644542231,S2-650536091,S2-740236485,S2-756437261,S2-757500657,S2-762552526,S2-773205318,S2-807302533,S2-813048361,S2-825556124,S2-835692087,S2-845304696,S2-856996028,S3-171385915,S3-19425472,S3-204389193,S3-25536132,S3-309993071,S3-329609496,S3-378297517,S3-397745064,S3-484828089,S3-487750741,S3-495938269,S3-530209788,S3-582736414,S3-594491381,S3-618287981,S3-620127214,S3-648759812,S3-835291159,S3-840047870,S3-970260854
S1-353329680	S2-104692651,S3-383966023,S3-434715192
S1-354850581	S2-491306228,S3-330607161,S3-790990626
S1-354974856	S2-454962942,S3-197947717
S1-356162394	S2-654349174,S2-772209626,S2-958853558,S3-141484200,S3-53887314,S3-636847353
S1-356489740	S2-440974303,S2-94449384,S3-513049406,S3-5886827
S1-356894802	S2-565671320,S3-604315395,S3-686099222
S1-357379595	S2-628123536,S3-861148452
S1-357424667	S2-71460422,S2-931202347,S3-253111219,S3-399839281,S3-760468044,S3-778635104,S3-887722993
S1-357548338	S3-513524305
S1-357573886	S2-40415015,S2-632441153,S2-69315104,S3-43715073,S3-518434651,S3-611822193,S3-621476929,S3-681131106
S1-357770249	S2-90512273,S3-412586149,S3-450163478,S3-699584896
S1-358017347	S2-263889598,S2-628638340,S2-753614889,S3-384803994,S3-581837554,S3-728616476
S1-358579791	S2-170651931,S2-19124679,S2-812254755,S2-831207693,S3-128871562,S3-632471630
S1-358764844	
S1-35954112	S2-996649731,S3-384033098
S1-359856795	S2-109012183,S2-187392805,S2-256680263,S2-590967019,S2-699006960,S2-804256804,S2-81380710,S2-817416792,S2-943268098,S2-952154589,S3-544885881,S3-56849115,S3-897066662
S1-360013119	S2-954239500,S3-177108175,S3-761766130
S1-360124137	S2-374122342,S2-394845507,S2-523471007,S3-432850912,S3-637937196,S3-955298254
S1-360624592	
S1-360897240	S2-199064208,S3-949500995
S1-360989798	S2-546152050,S3-210962963,S3-486965444,S3-657639949,S3-735693363,S3-948237400
S1-361284846	S2-109292891,S2-11443258,S2-200888854,S2-204682450,S2-204742663,S2-215814288,S2-279605052,S2-294699978,S2-343051226,S2-359363339,S2-373812151,S2-377761683,S2-389348200,S2-395810184,S2-399593262,S2-406995106,S2-427307144,S2-43824315,S2-455086001,S2-4735407,S2-47604384,S2-486544070,S2-486910485,S2-490777873,S2-539953239,S2-580459679,S2-590222088,S2-621957046,S2-634466562,S2-711257751,S2-716605032,S2-731610758,S2-739966258,S2-747949834,S2-751975734,S2-761058995,S2-773175994,S2-799562267,S2-812699677,S2-843058880,S2-892175071,S2-925664698,S2-947278826,S2-947408913,S2-984008141,S2-996097614,S3-365457205,S3-462198300,S3-502277534,S3-580324138,S3-66748973,S3-734297983,S3-7420621,S3-925863158,S3-94414577
S1-362019271	
S1-36208538	S2-135657558,S2-607852577,S3-606127916,S3-85818472
S1-36225714	S2-313792702,S2-457793927,S2-793805588
S1-362576081	S2-102617742,S2-216350836,S3-400734546,S3-480596600,S3-522368394
S1-363075755	S2-778792684,S3-211237175
S1-36340489	S2-176369929,S2-2757746,S2-308459635,S2-363607058,S2-378206082,S2-440988096,S2-461687748,S2-487245946,S2-588040848,S2-588673892,S2-596638671,S2-652850501,S2-678491336,S2-717645169,S2-729595398,S2-870542339,S2-878921513,S2-987590239,S3-117731631,S3-155953990,S3-187618463,S3-193889685,S3-214216583,S3-252351430,S3-263317529,S3-28061917,S3-291261538,S3-363257278,S3-400308244,S3-413114405,S3-415622416,S3-434117774,S3-436170685,S3-45922085,S3-501877088,S3-548199280,S3-571852962,S3-584282268,S3-58524409,S3-589341985,S3-603823870,S3-613911057,S3-621953463,S3-664739147,S3-684729638,S3-706609419,S3-730741110,S3-764866912,S3-780936555,S3-795510673,S3-799376158,S3-816359750,S3-823064560,S3-84921261,S3-87574796,S3-895513120,S3-93925978
S1-364072315	S2-145879172,S2-583798813,S2-83182023,S2-862695935,S3-301881443,S3-744603072,S3-830729435,S3-918684844
S1-367471076	S2-577250147,S3-348745113,S3-936617429
S1-367586627	S2-406718538,S2-692502938,S3-126719052,S3-203480950
S1-368271424	S2-500157060,S2-750061915,S3-215676482,S3-826167718,S3-903906551
S1-368924926	S2-764773907,S3-304509481
S1-369457215	S2-601504280,S3-509229266
S1-369691139	S2-769992264,S3-258082986,S3-628205518
S1-369711068	S2-259347031,S3-128759991,S3-197237887,S3-880169253
S1-369764810	S2-252099069,S2-295582681,S3-700006183,S3-784828052,S3-985299238
S1-37006519	S3-152035254,S3-443006896,S3-465431029,S3-853436839
S1-370536489	S2-420734722,S3-534101540,S3-878960210
S1-370682729	S3-864839689
S1-370823329	S2-138835100,S2-490775706,S2-911927722,S3-806553546
S1-370852019	S2-44188060,S3-754862157
S1-371904317	S2-450227324,S2-548500171,S2-857656038,S2-942739990,S3-522137135,S3-534896147,S3-981744011
S1-372279058	S2-15367100,S2-428991565,S2-536473549,S2-874423243,S3-425652491,S3-861356840
S1-372570786	S2-623726986,S3-750843069
S1-372611662	S2-243246266,S2-396611398,S2-683385357,S2-72401113,S3-489663256,S3-955973520
S1-374841342	S2-247550314,S2-620902989,S2-645599231,S2-680646292,S2-702987383,S3-694527139,S3-700969556,S3-888827494
S1-375123185	S2-125033306,S2-785599783,S3-643551862
S1-375333010	S2-409377174,S2-478512106,S2-6008293,S3-543045088,S3-831339061
S1-376185555	S2-244401989,S2-258631134,S2-324540685,S2-358706564,S2-614669962,S2-780805625,S2-867260243,S2-968063541,S3-139431547,S3-324490117,S3-520000692,S3-593854435,S3-615543498,S3-826031163
S1-377271394	
S1-377355850	S2-959422166,S3-128317094,S3-260412069,S3-695214162
S1-37742064	S2-499965088,S2-511804491,S2-754284414,S3-130105295,S3-140957252
S1-377568487	S2-145414380,S2-166517473,S2-170117252,S2-172996009,S2-186243212,S2-199893723,S2-258594060,S2-33044192,S2-68398475,S2-836428321,S2-981001845,S2-983837825,S3-387387568,S3-46353152,S3-505298019
S1-377923393	S2-685989452,S3-128258222
S1-378426141	S2-186080239,S2-223626633,S2-284197235,S2-319817711,S2-333497011,S2-358932448,S2-388397182,S2-405647913,S2-563648251,S2-598069607,S2-69220722,S2-720472883,S2-991011057,S3-102889164,S3-552822254,S3-68258042,S3-751482343,S3-793661320,S3-942568521
S1-380362142	S2-185043999,S3-464331472,S3-927553064,S3-968028303
S1-380894290	S2-253696177,S2-305415753,S2-330297513,S2-720486603,S2-791619718,S2-976536160,S3-205651843
S1-382062443	S2-235540341,S2-249091691,S2-341094166,S2-350582243,S2-570423557,S2-867680259,S3-30755995,S3-668740892,S3-921302775
S1-382399317	S2-389260693,S2-71905214,S3-457631003,S3-606109397
S1-38248243	S2-221834818,S3-3822415,S3-982911938
S1-383722873	S2-363355149,S2-607056535,S2-665592552,S3-406740856,S3-944647868
S1-384012900	S2-43555042,S2-43673134,S3-309888800,S3-752813254,S3-814402562,S3-853595588
S1-384288104	S2-130656815,S2-131282711,S2-138746435,S2-146826256,S2-19110677,S2-228655086,S2-279475524,S2-297171374,S2-316035126,S2-339803278,S2-389191690,S2-393794248,S2-419863279,S2-509518118,S2-536569453,S2-541814074,S2-573193922,S2-627949348,S2-631245416,S2-731630986,S2-781376665,S2-808109173,S2-811823387,S2-814440888,S2-86233982,S2-930339480,S2-990255008,S2-995580077,S2-996093838,S3-136469626,S3-419640155,S3-804240471
S1-384713989	S2-823825896
S1-384734976	S2-685146894,S2-908470079,S3-109845102,S3-176459320
S1-385155661	S2-404854643,S2-489491590,S3-122835051,S3-544231371,S3-62159689,S3-969362003
S1-385821537	S2-573915670,S2-897462610,S3-416014960,S3-493475808,S3-773870407
S1-386211591	S3-619492983
S1-387116698	S2-332396170,S2-416045417,S2-999008526,S3-256337560,S3-880495261
S1-388682992	S2-774765729,S3-146442871,S3-490706405,S3-954290624
S1-388928497	S2-831784456,S2-855981404,S2-87631751,S2-979579690,S3-404981281
S1-38960049	S2-591467826,S2-846528429,S3-306442319
S1-389854089	S2-252163660,S2-724742917,S2-770882181,S3-154730589,S3-636844843,S3-943368706
S1-390061494	S2-129197288,S2-539111215,S2-933352191,S3-216289930,S3-268997698,S3-952336201
S1-390428510	S2-542500436,S2-903171572,S3-33006613
S1-390796822	S2-73547365,S3-247803230,S3-359770452,S3-748299867
S1-391302399	S2-912075726,S2-922113744,S3-812538222,S3-987840982
S1-391727737	S2-11976805,S2-223113703,S2-246301973,S2-257378116,S2-345246697,S2-508122512,S2-612019804,S3-177498507,S3-330000612,S3-56037990,S3-768241244,S3-927637017,S3-938340535
S1-392053769	S2-384923813,S2-444845832,S3-313982833,S3-817148845
S1-393146787	S2-21839398,S2-420758751,S2-775725634,S3-160412678,S3-21841197
S1-393660372	
S1-39381796	S2-837223930,S3-904901067
S1-394018679	S2-539256211,S3-416230598,S3-795901206
S1-394028051	S2-357601811,S2-483643202,S2-494399659,S2-925143749,S3-657012511,S3-678818134
S1-394348934	S2-427386909,S3-737426576
S1-394619513	S2-588623016,S2-7374106,S2-750774773,S3-156435273,S3-380171010,S3-696418151
S1-394629585	S2-131533392,S2-173989671,S2-17611543,S2-366633402,S2-373721896,S2-391191217,S2-413954957,S2-451475035,S2-517384275,S2-51988839,S2-543191320,S2-572549238,S2-575857388,S2-603621630,S2-696796881,S2-771705876,S2-872252147,S2-873833376,S2-886515965,S2-903985124,S2-951041671,S2-975079471,S3-198700496,S3-247952860,S3-434258277,S3-455421501,S3-481700204,S3-532940806,S3-642557514,S3-727000955,S3-807714855,S3-975573538
S1-395157181	S2-213521244,S2-60015550,S2-683806107,S3-143639537
S1-395826066	S2-238420800,S2-6091228,S3-386820367,S3-781410469
S1-396221333	S2-273565379,S3-453240574
S1-396728196	S2-13546438,S2-585156873,S2-916520818,S3-505827836
S1-397402531	S2-179141064,S2-28342237,S2-735705821,S2-761351570
S1-397455146	S2-302199755,S2-460547715,S2-583097080,S2-649767180,S3-410404762,S3-734072906
S1-398117646	S2-874208629,S2-886081055,S3-353766063
S1-398193893	S2-1059217,S2-593653926,S3-769980657
S1-39820586	S2-212775863,S3-542927533,S3-991352813
S1-398686664	S2-253616091,S2-530111209,S2-648780494,S2-981995411,S3-378413243,S3-404349154
S1-398781456	S2-935912301,S3-406884497
S1-398786075	S2-47651897,S3-555894417,S3-717388595
S1-399301626	S2-282507234,S3-248893464,S3-570338727,S3-574580979
S1-399316390	S2-334448092,S2-762365704,S2-788096493,S3-851864758
S1-399827965	S2-347688140,S2-636034629,S2-746189828,S2-752274069,S2-925143521,S3-188160835,S3-810723116,S3-862685717
S1-400742931	S3-200377593,S3-452568132,S3-555101678,S3-905461445,S3-924047695
S1-40090540	
S1-400911087	S2-248546725,S3-153046583,S3-229337347,S3-369168848,S3-921475473
S1-400976148	S2-365324422,S2-533189358,S2-92571783,S3-502663926
S1-401231169	S2-129299749,S2-331367868,S3-197530,S3-273942671,S3-867196701
S1-401494141	S2-15715400,S2-265821302,S2-292710277,S2-316983964,S2-779169853,S3-136215,S3-17007792,S3-194441545,S3-553083445,S3-852540722
S1-401499177	S2-424137419,S2-817417722,S3-283683041
S1-402160464	S2-354206521,S2-406466507,S2-592690358,S2-838094931,S3-516935640
S1-402603920	S2-735392004,S3-220019270,S3-971980237
S1-402658309	S2-242983050,S2-871203856,S3-346948906
S1-403585455	S2-510722929,S3-186036269,S3-59036298
S1-403919768	S2-215814288,S2-435854364,S2-615968375,S2-633750945,S2-910454358,S2-982149509,S3-290536731,S3-356998661,S3-898752213
S1-404137176	S2-301541740,S2-716377150,S3-552512972,S3-701005125,S3-73331843,S3-737071756
S1-404226549	S2-627425267,S2-879247913,S3-148575054,S3-258234459,S3-852759180,S3-870556867
S1-404289697	S2-147697627,S2-341789752,S2-851060697,S3-663922532
S1-404997856	S2-299660709,S3-234946128,S3-24970973,S3-582266590,S3-611822193,S3-903610762
S1-405064765	S2-33810926,S2-701431965,S2-71986008,S2-768705294,S3-195405265,S3-65627132
S1-405855331	S2-362901694,S2-384447380,S2-679478113
S1-405981872	S2-432533429,S2-635595445,S2-713364360,S2-761319455,S2-777177983,S3-272510232,S3-521630958,S3-862533759,S3-879449553
S1-406411080	S2-42308543,S2-781127061,S2-786485805,S2-913479271,S2-982812509,S3-400979581
S1-406801702	S2-612985866,S2-994380037
S1-407636258	S2-275490182,S2-332189429,S3-145855920,S3-238818315,S3-404841493,S3-500905653,S3-609493008,S3-847171597,S3-916526197
S1-408248805	S2-67216334,S2-683017567,S2-950173467,S3-434955128,S3-693344141
S1-408451950	S2-345841818,S2-743897584,S2-911614533,S2-967093834,S3-196948451,S3-541094881
S1-40882338	S2-135564820,S2-699549067,S2-931034597,S3-960041102
S1-410013314	S2-697343848,S2-931932600,S3-982849009
S1-410284623	S2-727318122,S3-90694884
S1-410676274	S2-151325321,S2-249895879,S2-290575653,S2-711575344,S2-781893892,S2-884697776,S2-900964578,S2-94006436,S2-983196079,S2-985897085,S3-104755163,S3-297083027,S3-305059842,S3-450954402,S3-460928690,S3-520563007,S3-540831791,S3-605102021,S3-637590499,S3-707107845,S3-71480820,S3-795755689,S3-897987,S3-938789209,S3-979924767
S1-411027507	S2-338400479,S2-62892677,S3-242896386,S3-3509363,S3-463446433
S1-411173361	S2-269146450,S2-702930899,S3-726980858,S3-772242012
S1-411863015	S2-118371473,S2-817225760,S2-870973486,S3-843989945,S3-989840241
S1-411920664	S2-141060787,S2-16883233,S2-202625392,S2-233543,S2-318127676,S2-33044192,S2-524980817,S2-534261726,S2-542576236,S2-544548587,S2-559044646,S2-587291586,S2-602387618,S2-615004294,S2-642810454,S2-653892374,S2-658237661,S2-68398475,S2-816400489,S2-839565072,S2-871847854,S2-895785554,S2-928873760,S2-983837825,S3-237746402,S3-324874116,S3-380265188,S3-481606768,S3-573949451,S3-917174828,S3-984428980
S1-413017315	S3-18499227,S3-312541992,S3-652623578,S3-896755945
S1-413342938	S2-425318502,S3-385501043,S3-93917868,S3-944448818
S1-413389029	S2-337204406,S2-967320179,S3-17779923,S3-303463955,S3-544692754,S3-552231290,S3-556155831,S3-573710959,S3-612187184,S3-893189043
S1-413503434	S2-714251455,S3-492611834
S1-413709989	S2-285248229,S2-315054108,S2-344325272,S2-873080480
S1-413878302	S2-182282325,S2-234392744,S2-35554040,S2-393794248,S2-394390305,S2-409643328,S2-423709852,S2-442290654,S2-454110857,S2-512059400,S2-535152169,S2-555008182,S2-573097389,S2-6370899,S2-644542231,S2-650536091,S2-701654291,S2-724659872,S2-740236485,S2-757500657,S2-762552526,S2-807302533,S2-813048361,S2-825556124,S2-835692087,S2-856996028,S3-171385915,S3-309993071,S3-5677346,S3-594491381,S3-648759812
S1-414719492	S2-936742276,S2-961345068,S3-339688712
S1-415456606	S2-272824981,S2-544760260,S2-552746042,S3-278540751,S3-822899039
S1-417334405	S2-272750424,S2-480153578,S3-57134540,S3-608360408,S3-949151789
S1-417699804	S2-413305554,S2-458086603,S3-105001870,S3-325153655
S1-418116671	S2-174992711,S3-551600011,S3-917140017
S1-418656874	S2-193759766,S2-321978446,S2-813604549,S2-869890992,S3-249368276,S3-793711031
S1-418781031	S2-681358297,S2-769694756,S2-926378700,S3-601726903,S3-631923583
S1-418962720	S2-184932429,S3-393017322,S3-474071363
S1-419811934	S2-486679819
S1-420395463	S2-578523734,S3-545115909,S3-728837908
S1-420494522	S2-869381926,S3-432250519
S1-420746587	S2-189884650,S2-591634096,S2-713319463,S2-875463608,S3-215164040,S3-437279931,S3-653902113
S1-421090825	S2-459077117,S2-776617435,S2-926158644,S2-980599465,S3-52705252,S3-650527177
S1-421313990	S2-915754584,S3-292687355,S3-357899115,S3-400241574,S3-884579927,S3-992156782
S1-422024687	S2-405024579,S2-630187327,S2-943970160,S3-25486632,S3-328974887,S3-828217747
S1-422102069	S2-555248235,S2-644598354,S2-8813244,S3-860424525
S1-422604178	S2-318038351,S2-734429330,S2-925239110,S3-362708949,S3-422390733,S3-577724564
S1-423333394	S2-124089263,S2-281520982,S2-3568452,S2-524980817,S2-568221854,S2-642810454,S2-684587483,S2-839565072,S3-9583143
S1-423662230	S2-454751688,S2-751802531,S2-848311974,S3-330607369,S3-528906798,S3-816151158
S1-424167141	S2-184221707,S3-304191326
S1-424258288	S2-266616578,S2-279347431,S2-392366495,S2-516830373,S3-273909236
S1-424719165	S2-345988278,S2-904642972,S2-950533164,S3-367640843,S3-690205706,S3-942719551
S1-424812889	S2-315224557,S2-665316026,S3-281464040,S3-881234602
S1-425055464	S2-368701804,S3-931612819
S1-425099661	S2-37878090,S3-140387946
S1-425415103	S2-495902400,S2-58625837,S2-895683539,S2-95093388,S3-103971528,S3-377287188,S3-498892195,S3-807106245
S1-426318396	S2-102912012,S2-312863765,S2-624894909,S2-696545806,S2-741614849,S2-774617234,S2-798198723,S2-83105202,S2-894603542,S2-901812249,S3-137050468,S3-160133845,S3-194811376,S3-231947484,S3-268593445,S3-324043033,S3-387450375,S3-427268508,S3-529973275,S3-698925190,S3-828993483,S3-999639351
S1-426335418	S2-705327772,S3-661165909
S1-426680882	S2-543669258,S3-220839450,S3-464949578,S3-936573592
S1-426938243	S2-264543833,S3-288953744,S3-483879570
S1-427073164	S3-253473126,S3-537027350
S1-427636825	S2-207730618,S2-998222331,S3-114847359,S3-571164537,S3-604395262
S1-427738799	S3-455703087
S1-428041252	S2-261143802,S2-360385940,S3-310191492,S3-313720592,S3-357742383,S3-694625563,S3-941196980
S1-428141893	S2-138414142,S3-240159661,S3-404520155,S3-627391979
S1-428363931	S2-458285470,S2-803568100,S3-486627309,S3-735383080
S1-428606408	S2-996516444,S3-471419628,S3-483196905,S3-975309050
S1-429981290	S2-343796639,S2-385382498,S2-95439833,S2-962594358,S2-991254095,S3-192300239,S3-203420902,S3-231127853,S3-496755377,S3-883684340
S1-430262477	S2-586683100,S3-937413219
S1-431208146	S2-115345544,S2-343307752,S2-61721267,S3-109628557,S3-236569221,S3-33976626,S3-347514308
S1-431443216	S2-265926884,S2-272918139,S2-535121690,S2-87857321,S2-960599022,S3-132893641,S3-419074929,S3-560855814,S3-640122280,S3-813802029,S3-868386731
S1-431823066	S2-711992149,S2-731765064,S3-78732648
S1-43211670	S2-419041428,S2-475755828,S2-476852277,S2-552452513,S2-744547364,S3-138553660,S3-837543585
S1-433698295	S2-448125789,S2-703829945,S2-900017611,S3-565671075
S1-433957556	S2-462293105,S2-583999237,S3-735241185,S3-753227873
S1-434508407	
S1-4345683	S2-141773828,S3-300082647,S3-358048506,S3-402117831,S3-921266399
S1-434661703	S2-676667931,S2-843489405
S1-434948977	S2-602499168,S2-68188358,S3-347751162,S3-686324499
S1-435163680	S2-325813698,S3-182335637,S3-90162374,S3-913723019
S1-436320847	S2-160543530,S2-279497364,S2-414412191,S2-794517304,S3-406278728
S1-437121437	S2-284473615,S2-493156522,S2-547952537,S3-101802293,S3-109972356,S3-796413388,S3-865843811
S1-437285075	S2-451546793,S2-454294626,S2-461237284,S2-635057751,S2-796175713,S2-804197539,S2-916337920,S2-930692112,S2-973673183,S2-980112761,S3-284648637,S3-920978278
S1-437907045	S2-224605238,S2-56371310,S2-580887820,S3-363756705,S3-887968728,S3-914386377
S1-438734010	S3-272197376,S3-47248793
S1-438914246	S2-129960556,S2-831505471,S2-907399492,S3-163041040,S3-630697719,S3-679948340,S3-809894935,S3-936285937
S1-438960618	S2-55568702,S3-107698,S3-437225634
S1-439939217	S2-216691143,S2-406828895,S2-410205613,S2-453122597,S2-470885568,S2-496883312,S2-512916891,S2-527420336,S2-543271102,S2-638372155,S2-64892498,S2-659301238,S2-689835091,S2-702606737,S2-760817737,S2-782423473,S2-799881295,S2-801679339,S2-847815685,S2-88128174,S2-900897961,S2-924880405,S2-955246390,S3-19732835,S3-247242160,S3-332447188,S3-458211843,S3-508799244,S3-52409050,S3-58572698,S3-591373960,S3-628393498,S3-639678225,S3-666458804,S3-712121376,S3-776835498,S3-793034611,S3-802310740,S3-924228687,S3-95249963,S3-982968955
S1-440406089	S3-102782798,S3-313932268
S1-440441714	S2-597413103,S3-481049094
S1-440600145	S2-95946914,S3-992287968
S1-440807755	S2-743510319,S2-992648010,S3-276110741,S3-298819387
S1-441323186	S2-348908160,S3-220805820,S3-826840602,S3-916415673
S1-441374511	S2-185517803
S1-44138416	S2-227919407,S2-246308963,S2-324869003,S2-363712271,S2-574203569,S2-623032362,S2-657989773,S2-829914791,S2-952883134,S3-80263756
S1-441520740	S2-402943826,S3-411043069
S1-441980074	S2-754211450,S3-205137400,S3-3940673,S3-63235922,S3-938839608
S1-442665310	S2-713750691,S3-446088036,S3-471422520
S1-443270648	S2-352487353,S2-983196079,S3-828043599,S3-982410761
S1-445316640	S2-436722945,S3-668354516,S3-890248693
S1-448284064	S2-157874974,S2-233333918,S2-248073669,S2-259995308,S2-364267585,S2-450512812,S2-45916052,S2-552129803,S2-695190696,S2-73995764,S2-790460132,S2-793432563,S2-820969793,S2-822334912,S2-95697223,S3-142646493,S3-189135862,S3-259086503,S3-263400627,S3-286360707,S3-323928660,S3-334094958,S3-404239823,S3-470581562,S3-512976726,S3-548340781,S3-592998698,S3-605517723,S3-82935032,S3-854357195,S3-888563379,S3-93140514,S3-952361645
S1-448428447	S2-340327331,S2-627594046,S2-649009694,S3-761652904
S1-44949213	S2-139356841,S3-195127806,S3-215590413,S3-323120583,S3-530949510,S3-722606796,S3-768792694,S3-897742401
S1-449677743	S2-839631610,S2-847946312
S1-450716522	S2-532148558,S2-537840105,S3-641840390,S3-941710549
S1-450889110	S2-115950641,S3-554579636
S1-451018669	S2-91682376,S3-900901305
S1-451239602	S2-455283754,S2-775684432,S3-423574473
S1-451446950	S2-40092330,S2-736061271,S3-19381088,S3-199868974,S3-35980537,S3-434362224,S3-722918593,S3-73043259
S1-451649719	S2-248017757,S3-289689863,S3-354920791,S3-477164224
S1-452843580	S2-89274774,S2-981299315,S2-988105443,S3-735644751
S1-454224722	S2-429780269,S2-488069985,S2-613420886,S2-715165253,S2-899333447,S3-868422680
S1-454257192	S2-714961541,S2-813755343,S3-390462208,S3-420987116,S3-575440233,S3-591878761,S3-675514664,S3-973082935
S1-455312625	S2-689309979,S3-278745285
S1-455408222	S2-906007470,S3-274671760,S3-696854590,S3-898191288
S1-45541395	S2-158305004,S2-495738695,S2-497275728,S2-512731019,S2-81972091,S2-96382362,S3-242107467,S3-926466539
S1-455448615	S2-330600457,S2-366633402,S2-557744977,S2-573280019,S3-132060026,S3-351641903,S3-830474812,S3-976725166
S1-457036934	S2-324247010,S2-33803533,S2-917260857,S3-210238547
S1-457047009	S2-406647981,S2-597619743,S2-665375077
S1-45767673	S2-33623897,S3-242982716,S3-844809213,S3-855813462
S1-457746791	S2-283536995,S3-322083386,S3-359385203
S1-45774718	S2-177662277,S2-179187426,S2-349470169,S2-506615379,S2-547455350,S2-730937160,S2-754621665,S3-272836319,S3-278086191,S3-279862732,S3-460164197,S3-566819481,S3-569433091,S3-617891832,S3-623268765,S3-636210015,S3-681931182,S3-725250242,S3-733175791,S3-837241525,S3-873986282,S3-877934489,S3-895859596,S3-985991100
S1-457967489	S2-300697605,S2-697349246,S2-74026187,S2-829838975,S3-350189781,S3-730902250,S3-749627594,S3-867752424,S3-918788482,S3-924971506
S1-458106003	S2-708472921,S3-245186810
S1-458312102	S2-698136785,S3-212045442
S1-459348602	S2-396134110,S2-740053814,S3-270060283,S3-679591148
S1-45983691	S2-531182441,S2-589580501,S3-54252076,S3-615526995,S3-781626308,S3-808431881,S3-992092062
S1-460166804	S2-396307162,S3-245200808,S3-537497616
S1-46033367	S2-681500021,S2-80993801,S3-186568151,S3-222106744
S1-460401319	S2-66778379,S3-133433744,S3-558837498,S3-684242115
S1-460474715	S2-165468036,S3-162116212,S3-200317981,S3-929117423
S1-46148397	S2-307706451,S2-339986634,S2-864369012,S3-243084651,S3-79952421,S3-941862152
S1-46172379	S3-250518143,S3-530151373
S1-462618052	S2-257040035,S3-261506398
S1-462708219	S2-480257067,S3-14084478,S3-374860547,S3-889312959
S1-462890306	S2-245049769,S2-671974612,S2-684846173,S2-77819544,S2-951263965,S3-179164026,S3-243726784,S3-269148275,S3-333418426,S3-493761990,S3-508813272,S3-534896147,S3-55276176,S3-650412795,S3-703817183,S3-718608916,S3-822787268,S3-848456627,S3-850717630,S3-863618840,S3-890343816
S1-463801084	S2-428516805,S2-735427221,S2-809039227,S2-897971296,S3-111449382,S3-793207336
S1-463840477	S2-300616718,S3-148898368,S3-208738503,S3-280772787,S3-313559997,S3-323944808,S3-588877887,S3-595516097,S3-707578759,S3-734363099,S3-744834673,S3-76452362,S3-868274835,S3-874930715,S3-954702358
S1-464201448	S2-180375330,S3-143687834,S3-812568298,S3-975224856
S1-465184116	S2-451644092,S2-875063343,S3-422971751,S3-474627172,S3-876670506
S1-465503570	S2-859724,S3-194525693,S3-243711809,S3-468494285,S3-766269818
S1-466074131	S2-146792224
S1-466364368	S3-448657480
S1-466399708	S2-228071749,S2-951671959,S3-176948135,S3-239008965
S1-466767453	S2-4891184,S2-650856478,S2-748293775,S3-142609464,S3-977242750
S1-467508294	S2-28187520,S2-832943660,S2-993210812,S3-855373198,S3-920016615,S3-940457686
S1-468107372	S2-517470321,S2-697443237,S2-986726554,S3-913034046
S1-469102606	S2-136640303,S3-592478373,S3-885574008,S3-981692572
S1-469487392	S2-12324905,S2-331475596,S2-393899596,S2-737881418,S3-146526538,S3-159849740,S3-211228826,S3-540545612
S1-470253998	S2-342587787,S2-475271353,S3-409049906,S3-509587567,S3-891993288
S1-470334399	S2-40151137,S3-451056309,S3-630840386
S1-471990200	S2-634707338,S3-556110458
S1-472219635	S2-151325321,S2-290575653,S2-711575344,S2-781893892,S2-884697776,S2-900964578,S2-94006436,S2-983196079,S2-985897085,S3-104755163,S3-252105501,S3-450954402,S3-460928690,S3-520563007,S3-605102021,S3-637590499,S3-707107845,S3-71480820,S3-795755689,S3-938789209
S1-472338023	S2-165441533,S2-344499292,S2-575293712,S2-57959187,S2-756066491,S2-914321398,S3-160936240,S3-39496776,S3-547578365,S3-997807025
S1-472678371	S2-363607058,S2-462585085,S2-507404889,S2-531916687,S2-955882499,S3-180854023,S3-415622416,S3-501877088,S3-548199280,S3-558463301,S3-584282268,S3-613911057,S3-690845078,S3-730741110,S3-92284003,S3-972492694
S1-473174098	S2-216314196,S2-820175587,S3-391951192,S3-528008987
S1-473358041	S2-265926884,S2-295747603,S2-45397173,S2-555795068,S2-913045500,S3-560855814,S3-609611008,S3-644731732,S3-823064786,S3-891915196,S3-972690605
S1-474238742	S2-162912453,S2-960147810,S3-142998296,S3-187579693,S3-315589278,S3-65314410,S3-962400626,S3-995964391
S1-474866893	S2-206745064,S2-491400710,S2-635739719,S3-275228217
S1-475352227	S2-140887417,S2-191261210,S2-593655018,S2-641000841,S3-507583308,S3-630877664,S3-709731143
S1-475689625	S2-107505420,S2-189653602,S2-292475084,S2-711315024,S2-806781048,S2-860914280,S2-867983819,S2-868747691,S2-895156444,S3-301202670,S3-357154879,S3-372175785,S3-48453585,S3-706252294,S3-767317182,S3-802380994,S3-902709728
S1-475754487	S2-405496540,S3-561782105,S3-734905745
S1-476002534	S2-203864064,S2-646199222,S2-797030894
S1-476474673	S2-659547851,S2-745079672,S2-809377423,S3-842834693
S1-476831488	S2-177662277,S2-275669313,S3-171060615,S3-182056927,S3-610231926,S3-968383284
S1-477436467	S2-120053289,S2-123518679,S2-240819387,S2-654164166,S2-740692775,S3-252526115,S3-47550062,S3-774428686,S3-980305860
S1-477776195	S2-871236056,S3-109807026,S3-723948056
S1-477817039	S2-746650850,S2-906778244,S3-574657442
S1-477843822	S3-585122518
S1-477941718	S2-461130481
S1-478021884	S2-597120305,S2-832013166,S2-873767988,S3-191777537,S3-483366021
S1-478838121	
S1-478945059	S2-266133837,S2-54216339,S2-621558442,S2-625382442,S2-669144158,S2-680086967,S2-881737185,S2-899795831,S2-980392060,S3-176055419,S3-194167948,S3-195725773,S3-212405495,S3-586386049,S3-58644276,S3-67896920,S3-774462818,S3-791837707,S3-970781964,S3-987689072
S1-479283242	S2-196212109,S2-515962999,S3-456004019,S3-469454680,S3-479327664,S3-844716551,S3-867767870,S3-899327395
S1-479579224	S3-240362721,S3-409150972,S3-632111331
S1-479654940	S2-766472320,S2-848959892,S2-864184547,S3-221105914,S3-795800101,S3-910072092,S3-926941257
S1-480340222	S2-333181335,S2-394445010,S2-441505396,S2-489552555,S2-792146695,S3-122190492,S3-467016600,S3-491589745,S3-686631656,S3-700946694,S3-854988669,S3-962226689
S1-481101130	S2-421542053,S3-291987666,S3-538243284
S1-481771486	S2-359649618,S2-75122032,S3-605852547
S1-483002269	S2-140590205,S2-175997155,S2-223872266,S2-276989037,S2-429220054,S2-702416722,S2-716335718,S2-72038251,S2-770038432,S2-817104918,S2-867997133,S2-87308537,S3-202251928,S3-229924425,S3-254706446,S3-363649083,S3-504899116,S3-597871260,S3-672779469,S3-77463275,S3-837024421,S3-885155771
S1-48360456	S2-274394823,S2-29326093,S3-421113400,S3-586227539
S1-483715802	S2-799223001,S2-827598743,S3-171396287
S1-484781178	S3-117475626,S3-392451605
S1-486104807	S2-159589784,S2-242666399,S2-267407394,S2-302250895,S2-317912209,S2-834567603,S3-153262290,S3-198698240,S3-919750590
S1-487725241	S2-180280932,S3-108923408,S3-185501421,S3-635187815
S1-487794460	S2-310538768,S2-434519406,S2-510485429,S2-808544611,S2-834121640,S2-918984760,S3-579011688,S3-580067420,S3-580357202,S3-692287277,S3-829602630
S1-487977687	S2-512901393,S3-196462214,S3-528220055
S1-488263617	S2-547685004,S2-653308344,S2-796296110,S3-211219251,S3-257430099,S3-86520019,S3-925089697
S1-488863001	S2-760299453,S3-909445473
S1-48888744	S2-126154886,S3-185993467,S3-461092820,S3-593377020
S1-489378292	S2-228764643,S2-698543371,S3-764508992
S1-489509439	S2-339038950,S2-804062513,S3-849330892
S1-489785940	S2-292991686,S2-326945343,S2-669188898,S2-808519545,S3-150985279,S3-251675447,S3-995526407
S1-489956164	S2-117560544,S2-507209028,S2-632654421,S2-821639286,S2-918206888,S3-319061712
S1-491276103	S2-155312609,S3-657094315
S1-491429485	S3-402078119,S3-481873092,S3-526318618,S3-737152870,S3-849442940,S3-86873814
S1-49223421	S2-115832382,S2-146286637,S2-459208020,S2-614028511,S2-738167445,S2-844289466,S2-955854217,S3-122847958,S3-158848085,S3-189391239,S3-458209826,S3-627610714,S3-799120801,S3-824457505,S3-836412490,S3-987847921
S1-492613195	S2-302191492,S2-638655073,S3-176243341,S3-27294434,S3-855175776
S1-492969445	S2-217385254,S2-63710571,S2-746383516,S3-803809089,S3-899709438
S1-493193236	S2-554506939,S2-626711432,S2-795169870,S3-410026630,S3-464830319
S1-49402951	S2-532654827,S3-39037423
S1-494782313	S2-108338348,S2-12969629,S2-246549612,S2-760261864,S2-873066687,S3-192810319,S3-546773384,S3-756911151,S3-847762732,S3-956885470
S1-495034674	S2-786913740,S3-53769858,S3-797298559,S3-799022990
S1-495243844	S2-263312452,S2-346020311,S2-766025558,S2-875782641,S3-460817006,S3-538243284
S1-495462299	S2-407030990,S2-426174435,S2-597314204,S2-695398839,S3-152399044,S3-343090012,S3-918540785
S1-495552394	S2-533173290
S1-498541945	S2-285368585,S2-819106177,S2-907300283,S3-937951892
S1-498773347	S2-333351111,S2-8093533,S2-986003377,S3-320474295,S3-542821568
S1-499013213	S2-127876222,S2-902344303,S2-98397365,S3-89454856
S1-499078823	S2-300790722,S2-324210983,S2-38132652,S2-4299547,S2-501352676,S2-505736518,S2-54033879,S2-540687871,S2-563255340,S2-675837662,S2-721590757,S2-790465795,S2-853961447,S2-855663945,S2-906553726,S2-982013240,S3-220215178,S3-543309054,S3-58424902,S3-600614474,S3-67107419,S3-950580462
S1-499225452	S2-153294983,S2-164858096,S2-618576101,S2-655418446,S2-734374282,S2-958853558,S3-154083081,S3-238329771,S3-306615758,S3-328702615,S3-374396473,S3-397184127,S3-40894052,S3-458253017,S3-678913147,S3-976251239
S1-499492218	S2-768369949,S3-909922568
S1-499611887	S2-581827456,S2-735506434,S2-766190705,S3-707578759,S3-776546740,S3-84376827,S3-920704688
S1-499707162	S2-106358500,S2-923069806,S3-352496686
S1-499868468	S2-34416073,S2-72401113,S2-77282544
S1-500143522	S2-536017990,S2-84697765,S3-649476282,S3-669863410
S1-500168184	S2-355108641,S2-441773497,S2-746652745,S2-799881295,S2-900897961,S3-925909781
S1-50030671	S2-179926110,S2-213521244,S2-680751385,S2-755009280,S2-782877873,S2-862744602,S3-288861328,S3-368080225,S3-411586024
S1-500310312	S2-645061118,S2-960519636,S3-14296605
S1-500779829	S2-506481483,S2-664730921,S3-316600632
S1-50092772	S2-60697276,S2-907721889,S3-924005798
S1-501418989	S2-223678507,S3-892796314
S1-501424226	S2-305701278,S2-551447445,S2-598834402,S2-883675052,S3-82227381
S1-501554750	S2-78458231,S3-146332394,S3-685190348
S1-502570165	S3-551380210
S1-502732960	S2-362853890,S2-437245413,S2-709590819,S3-646177973,S3-686020327,S3-956284451
S1-503032415	S2-494788880,S3-57234162,S3-601634068,S3-886197859
S1-503092281	S2-932742288,S3-40087036,S3-744345152,S3-971866847
S1-503101102	S2-200154746,S2-576238946,S2-732492529,S2-967255186,S3-471632439,S3-472909577,S3-849580714,S3-989559672
S1-503571997	S2-703622104,S3-437040808,S3-935554578
S1-503947577	S2-316457964,S3-262313742
S1-503957501	S2-110521853,S2-646949120,S3-181423094,S3-755926869
S1-503981912	S2-23774550,S2-443782789,S2-597605998,S2-831600141,S3-173070520,S3-246474225,S3-734188247
S1-504381533	S2-109639032,S2-233407645,S2-248366521,S2-742569570,S2-932723044,S3-358129168,S3-41367179,S3-699982388
S1-504446736	S2-68570690,S3-152367899,S3-200683104,S3-790764387
S1-504541699	S2-223454875,S2-349991468,S2-358528097,S3-325549057
S1-505076726	S2-21520849,S2-320019107,S2-340814974,S2-368107763,S3-419894485,S3-65142091
S1-505098977	S3-137020078,S3-449366921
S1-505261227	S3-79362747
S1-505733023	S2-327159913,S2-705199963,S3-510023676,S3-514743855
S1-506975660	S2-565745278,S2-589841985,S3-678398740,S3-83292200,S3-878632458
S1-507468988	S2-247231870,S2-46776523,S3-527560385,S3-836366582
S1-507783301	S2-227642377,S2-371861072,S2-447840900,S2-702201385,S2-79617193,S3-288999500,S3-502625367,S3-957762678,S3-991261494
S1-508191249	S2-556452095,S2-955602847,S3-288119547,S3-504843631,S3-713943012
S1-509456167	S2-501412033,S2-596755283,S2-663120848,S2-717173242,S2-987090443,S3-176109752,S3-533401807,S3-629027943,S3-717427620
S1-510037915	S3-313392204,S3-640784303
S1-51079946	S2-428828597,S2-797178130,S2-831225985,S2-849218891,S3-974905727,S3-987863331
S1-511262674	S2-380775989,S2-883005085,S3-181928484,S3-354245028,S3-734755819,S3-956180840
S1-511957074	S2-247004130,S2-771826128,S3-476084249
S1-512548389	S2-21431482,S3-933377502
S1-51255767	S2-442066410,S3-430882993,S3-977298074
S1-512724606	S2-630700184,S2-681259695,S3-346581525,S3-381611370,S3-770862892,S3-79913057
S1-512834916	S2-166530090,S2-171653904,S2-818942581,S3-1069813,S3-21297167,S3-477419500
S1-512889766	S3-474190879,S3-482522094,S3-766544372
S1-513583401	S2-907642729,S3-530786227
S1-513968003	S3-284092220,S3-568336186
S1-514150772	S3-45491231
S1-515260719	S2-68769541,S3-257983852,S3-452583757
S1-5153857	S2-494401012,S3-492984624
S1-516175493	S2-139630083,S2-639850895,S3-825423156,S3-924859914
S1-516946648	S2-713947133,S2-721679979,S3-427022581,S3-937560210
S1-516958328	S2-126137124,S2-204716305,S2-864260567
S1-517350208	S2-671157473,S3-141479714,S3-906280676
S1-51814249	S2-170438326,S2-75008415,S3-943939500
S1-518227259	S2-186572342,S2-39596616,S2-519376196,S2-631470613,S2-637017205,S2-824185233,S3-240481199,S3-36201239,S3-61303168,S3-707485477,S3-880470399,S3-896054423
S1-518442649	S2-425417020,S2-541877576,S2-758884988,S2-990466184,S3-344365252,S3-602127767,S3-648759812,S3-86850100,S3-914558888
S1-518758513	S2-223030296,S2-336542640,S2-501412033,S2-596755283,S2-717173242,S2-745257855,S2-851044319,S2-861577854,S3-268059959,S3-323220654,S3-404579279,S3-533401807,S3-543475672,S3-629027943,S3-710046873,S3-739455824
S1-5190706	S2-859999694,S2-952924847,S3-614206528
S1-519354288	S2-127408831,S2-319357884,S2-926268038,S3-182723849,S3-568777791,S3-613538147
S1-519410265	S2-510836692,S2-592226368,S2-750855671,S3-354413229,S3-36233545,S3-630987280
S1-519779800	S2-211272123,S3-191441094
S1-520400207	S2-605980356,S3-866625581,S3-986713448
S1-520517233	S2-368145864,S2-611462011,S2-800608259,S3-104914930,S3-170570738,S3-443148176,S3-6544857,S3-670759825,S3-912730847
S1-520527809	S2-46792364,S2-808894797,S2-908060027,S2-989312345,S3-200683104,S3-626987030,S3-740004902
S1-521958924	S2-312846408,S2-75779270,S3-509526862
S1-522763081	S3-409233179,S3-632840204
S1-52286058	S2-282994057,S2-653806589,S3-481606768,S3-612475009,S3-984428980
S1-523419929	S2-274634059,S2-368893697,S3-240412918,S3-499419543,S3-817022086
S1-524192950	S2-130812819,S3-486187262,S3-806925602
S1-526135639	S2-181399187,S3-251640233,S3-399934854
S1-526256223	S2-479715908,S2-806692318,S3-22718356,S3-454239415,S3-950142118,S3-96563604
S1-527676886	S2-249912960,S2-341769773,S2-963421588,S3-85129631,S3-979557451
S1-528170190	S3-832708928,S3-879031370
S1-528606956	S2-567279163,S2-68587625,S3-739929946,S3-771323610
S1-529363431	
S1-529506564	S3-708580834
S1-529691121	S2-328682503,S2-401066584
S1-529998057	S2-12886189,S2-560050886,S2-811347118,S2-950955006,S3-315890057,S3-35378811,S3-702120671,S3-944659254
S1-530901436	S2-411208978,S2-575882455,S2-602125264,S2-797635799,S3-304505305
S1-530973688	S2-22935626,S3-514108823,S3-712417694
S1-531367194	S2-356144347,S2-788309543,S3-182085863,S3-6954612,S3-803342956
S1-532371489	S2-2409353,S2-291200050,S3-429340522,S3-538350586
S1-532502121	S2-214339413,S2-819195093,S3-523312534,S3-581295219
S1-532852992	S2-329639691,S2-944941502,S3-167377812,S3-300156602,S3-77784672,S3-865824172
S1-532994915	S2-327600750,S2-657575654,S2-736879967,S3-273999350,S3-607568070,S3-772104527,S3-837473264,S3-878006604
S1-53302010	S2-469796105,S2-642393449,S3-261644927
S1-533342409	S2-781270480,S3-431005117
S1-53348667	S2-725357421,S3-208590803,S3-658390935
S1-534716747	S2-67225747,S2-871588320,S3-735287437
S1-535207976	S2-307585723,S2-389857306,S3-355504058,S3-452576524,S3-724111784
S1-536436989	S2-55345954,S2-608296535,S3-322438819,S3-654583103,S3-703362517
S1-536881874	S2-329897524,S3-895467955
S1-536983591	S2-62904063,S2-798857569,S3-640197549,S3-788487525,S3-837333200
S1-53817099	S2-141622275,S2-212757319,S2-910341590,S3-480893206,S3-585317312
S1-5385571	S2-46651687,S3-455971272,S3-832032342
S1-538563491	S2-182282325,S2-247703115,S2-297171374,S2-326460571,S2-35554040,S2-393794248,S2-394390305,S2-423709852,S2-454110857,S2-509518118,S2-512059400,S2-535152169,S2-573097389,S2-626711432,S2-6370899,S2-650536091,S2-740236485,S2-750287112,S2-757500657,S2-762552526,S2-807302533,S2-813048361,S2-825556124,S2-832914073,S2-835692087,S2-845304696,S2-867235153,S3-161819360,S3-200529141,S3-309993071,S3-354510737,S3-354892567,S3-397745064,S3-495938269,S3-573389967,S3-594491381,S3-615890284,S3-618287981,S3-635812734,S3-648759812,S3-725281606,S3-814321154,S3-833196880,S3-840047870
S1-538930961	S2-224848450
S1-539531424	S2-909315048,S2-967701274,S3-132160525,S3-226546419,S3-799962838,S3-95725558
S1-540722954	S2-218822882,S2-438932275,S2-538743095,S2-936744285,S2-944719714,S3-350468871,S3-415085065,S3-443334693,S3-636715769,S3-644793154
S1-540881292	S2-111318833,S2-300790722,S2-4299547,S2-505736518,S2-54033879,S2-540687871,S2-543560662,S2-563255340,S2-580745529,S2-675837662,S2-790465795,S2-963453865,S3-168482003,S3-270291818,S3-299946038,S3-368801203,S3-543309054,S3-58424902,S3-950580462
S1-541010282	S3-392395854
S1-541011853	S2-752593631,S2-761165956,S2-993210812,S3-415304294,S3-612188416,S3-684125134
S1-541562976	S2-268291556,S3-236910404,S3-240038718,S3-295582730,S3-834539576
S1-541662178	S2-340871820,S2-424508379,S2-984909966,S3-405188789,S3-572051347
S1-541980335	S2-867897128,S3-652562024
S1-542491393	S2-423193107,S2-748293775,S3-218039619,S3-402003776,S3-939052195
S1-542880682	S2-198397210,S3-105743355,S3-383045767,S3-677114892
S1-542932344	S2-21328958,S2-252587638,S2-363607058,S2-507404889,S2-754300671,S2-816247330,S2-872887373,S2-883438501,S2-885524233,S3-143165214,S3-154996264,S3-168482003,S3-174885753,S3-180854023,S3-18101426,S3-196043837,S3-213351357,S3-29233063,S3-310434203,S3-311876884,S3-341902924,S3-394482383,S3-410484869,S3-481606768,S3-485943794,S3-507622347,S3-509461016,S3-532849154,S3-548199280,S3-579806018,S3-581042902,S3-584282268,S3-593107515,S3-613911057,S3-645758444,S3-670588771,S3-684729638,S3-710605494,S3-729128956,S3-743695487,S3-750049561,S3-808036318,S3-829352063,S3-848629825,S3-849442940,S3-850361983,S3-86873814,S3-898118611,S3-922126216,S3-92284003,S3-925863158,S3-972492694
S1-543502138	S2-454371165,S3-181003009,S3-710347344
S1-544186824	S2-381481070,S2-624036423,S3-280301064,S3-558196376
S1-544862368	S2-565023974,S2-585501482,S2-812951493,S3-457644539,S3-890921522
S1-545052590	S2-255471631,S2-537024508,S3-192957225,S3-704792228,S3-747194889,S3-864190129,S3-908787788
S1-545572670	S2-151486052,S2-156700731,S2-228302982,S2-571155336,S2-820220584,S2-893822757,S2-916556287,S3-206605850,S3-280976317,S3-300971979,S3-61139207,S3-61731794,S3-85363154,S3-912197208
S1-545661875	S2-220187537,S2-461316365,S2-913114040,S3-656400487,S3-782253121,S3-881558178
S1-545735045	S2-325891777,S2-468858363,S2-557223302,S2-956105677,S3-396088526,S3-638944788,S3-689078828,S3-917984573,S3-937386838
S1-545950846	
S1-547557261	S2-42586514,S2-64736773,S3-14801908,S3-951976422
S1-547709944	S3-302633592,S3-512428369,S3-806789703,S3-828034754
S1-547994760	S2-325079416,S2-456783463,S2-70676549,S3-575171346,S3-706857069
S1-548173739	S2-112160299,S2-182282325,S2-19110677,S2-326460571,S2-351914479,S2-35554040,S2-393794248,S2-394390305,S2-423709852,S2-454110857,S2-512059400,S2-535152169,S2-555008182,S2-557915584,S2-560640973,S2-573097389,S2-626711432,S2-6370899,S2-644542231,S2-650536091,S2-740236485,S2-750287112,S2-756437261,S2-757500657,S2-762552526,S2-773205318,S2-807302533,S2-813048361,S2-825556124,S2-835692087,S2-845304696,S2-856996028,S2-995580077,S3-113204136,S3-117659799,S3-151959827,S3-171385915,S3-240267700,S3-309993071,S3-34370867,S3-354892567,S3-397745064,S3-455409469,S3-487828272,S3-495938269,S3-5677346,S3-569056393,S3-582736414,S3-594491381,S3-615890284,S3-618287981,S3-646463686,S3-648759812,S3-736347393,S3-773223703,S3-833196880,S3-840047870,S3-858203235
S1-548399863	S3-263319409,S3-7102260
S1-548474699	S2-204819810,S2-375344899,S2-49370584,S3-143330143
S1-54887702	S2-19556395,S2-210545510,S2-256003057,S2-362421827,S2-588016898
S1-548903861	S2-218436741,S2-268892771,S2-46128340,S2-741065643,S3-919403841
S1-549761145	S2-181820461,S2-818293749,S3-422617433,S3-779938414
S1-554131381	S2-451993290,S2-560048011,S2-703142365,S2-746370763,S2-794056035
S1-554410912	S2-277620795,S2-458034668,S2-855768641,S3-933475277
S1-554749108	S2-506417010,S2-589717089,S2-756491830,S3-265013041,S3-283024509,S3-347611455,S3-571406608,S3-743695487,S3-795510673,S3-867954173,S3-922126216,S3-942719551,S3-977827089
S1-554782722	S2-504562540,S3-662561965
S1-555057738	S2-302248072,S2-661974340,S2-794688025,S2-807806367,S2-944979241,S3-644872223,S3-88235161
S1-555303238	S2-152259295,S2-313599026,S2-487057885,S2-974869681,S3-288874133,S3-405510027
S1-556099417	S2-415560804,S3-465949240,S3-88275465
S1-556350997	S2-185836926,S2-19384531,S2-563378805,S2-800207587,S2-901003647,S3-120454185,S3-440821250,S3-642780633,S3-688191003,S3-861480313
S1-556738812	S2-567008946,S3-287379795,S3-701804052
S1-55715487	S2-723955128,S3-256651653,S3-371871667,S3-53319843
S1-557816313	S2-488685538,S2-642453405,S3-106025533,S3-15926280,S3-272002445,S3-661205046
S1-557867435	S2-1083338,S2-111318833,S2-119959444,S2-170620059,S2-204682450,S2-265643642,S2-42546172,S2-482750188,S2-487624450,S2-490777873,S2-493245845,S2-543560662,S2-56706279,S2-580745529,S2-590222088,S2-616800007,S2-660217968,S2-698015041,S2-816633379,S2-851080744,S2-882968232,S2-920310353,S2-947408913,S2-953663424,S3-270291818,S3-401227526,S3-573803960,S3-751620590,S3-791519335,S3-992784690
S1-558018788	S2-689835091,S2-803351022,S3-172600929,S3-247703229,S3-252500518,S3-757526541,S3-849201816
S1-559060556	S2-2381849,S2-39227849,S2-565671320,S2-89043144,S3-538058458,S3-922333121
S1-55988561	S2-498374890,S2-633367154,S3-189438738,S3-517737251
S1-560660986	S2-57868081,S2-843948091,S2-951232546,S3-315807038
S1-562224497	S2-303378175,S2-61721267,S3-320147423,S3-522844794,S3-821332078
S1-562308291	S2-526567534,S2-884899926,S3-392032242,S3-45811802,S3-71055609
S1-564700269	S2-586352712,S3-389428044,S3-449988843,S3-512952418,S3-932656515,S3-982196773
S1-565762332	S2-695265038,S3-333560924,S3-47552010,S3-627681160,S3-69178216,S3-734504700,S3-782459446,S3-91799076,S3-943700332
S1-565880783	S2-137968841,S2-342155947
S1-565902016	S2-650719927,S3-796815090
S1-567541348	S2-60946533,S2-826612201,S3-509281290,S3-656698748
S1-567690340	S2-552162937,S3-776623694
S1-568833490	S2-221029745,S2-435568926,S2-97674317,S3-563423179
S1-568873685	S2-422102342,S2-646388389,S2-726697643,S2-963072262,S3-334619299,S3-50570123
S1-569253219	S3-485971884
S1-569549045	S2-60690504,S3-151883814,S3-665989866
S1-569675315	S2-248795436,S2-281920292,S2-536914839,S3-177811168
S1-570039174	S2-186210692,S2-251089493,S3-303578916,S3-57467913
S1-570229405	S3-251131140,S3-475574661,S3-636013349,S3-759188062
S1-571123569	S2-549116951,S2-612252961,S2-72401113,S2-878830527,S3-951396953
S1-571194602	S2-367455927,S2-577664038,S2-745116277,S3-861105559
S1-571269601	S2-507252444,S3-498685076,S3-622300654,S3-798288128,S3-866752571
S1-571288297	S2-185779124,S2-986917221,S3-126738667,S3-41027935
S1-571934350	S2-122489908,S2-444908032
S1-571955622	S2-399247856,S2-722873811,S2-804919689,S2-868425548,S2-980021698,S3-369699249
S1-571998355	S2-221772585,S2-80224008,S3-427127185,S3-800117016,S3-848829930
S1-572086548	S2-271121868,S2-290373306,S2-305280163,S2-309151142,S2-517246937,S2-51732597,S2-53770979,S2-54196866,S2-580612330,S2-766378008,S2-766413741,S2-817104918,S2-827368859,S2-844178951,S2-844908457,S2-936200352,S3-143254565,S3-229924425,S3-254706446,S3-387435503,S3-447957545,S3-504899116,S3-539841772,S3-617543168,S3-618747625,S3-744977988,S3-885155771,S3-906009103,S3-996195029,S3-996684924
S1-572182210	S2-513392155,S3-582848187,S3-680449591,S3-685453147
S1-572726578	S2-554695851,S2-566892814,S2-59490274,S2-743783320,S3-331260548,S3-799471617
S1-573045390	S2-440395503,S2-441969441,S3-618125765
S1-573099358	S2-244917233,S2-698437406,S2-887552706,S2-891382650,S2-987314050,S3-285376363
S1-574038342	S2-133116927,S2-180265553,S2-201976425,S2-793467680
S1-574474642	S2-365320080,S3-282532781,S3-499504947
S1-574955035	S2-552001277,S2-628230960,S3-490935333,S3-838223121,S3-905527835
S1-575339908	S2-101395313,S2-356144347,S2-740692775,S2-867750829,S2-9548652,S3-245315942,S3-399802954,S3-534125886,S3-713144648,S3-864693765
S1-575470457	S2-226035842,S2-420426626,S3-162261884,S3-414684431
S1-575816887	S2-862108495,S3-342454770
S1-576024210	S2-664821549,S2-771299951,S2-899216318
S1-576111615	S2-125012499,S3-267200295,S3-69888443
S1-577235286	S2-612978089,S2-867395844
S1-577295036	S2-114283123,S2-695618421,S3-935892755
S1-577903817	S2-511856920,S2-850143031,S2-924287452,S3-143494905,S3-308869441
S1-57813824	S2-494847864,S2-858490356,S3-443278545,S3-54125728,S3-945593603
S1-578838558	S2-664605509,S2-897410826,S3-83888973
S1-579688614	S2-22075039,S2-380359047,S2-391195819,S2-392869748,S2-412840876,S2-460009566,S2-548817865,S2-618630559,S2-68436769,S2-755992552,S2-763998410,S2-811201218,S2-830925628,S2-890018697,S2-920632902,S2-985061571,S3-261029398,S3-328597909,S3-46226831,S3-468662387,S3-515894378,S3-536542374,S3-61051589,S3-639523417,S3-658631556,S3-712527116,S3-772091020,S3-958272277
S1-579904966	S2-15244075,S2-299595226,S2-367863163,S2-545670576,S2-594712676,S3-724005046,S3-800344892
S1-580854768	S2-841048179,S2-937550610,S2-984015157,S3-851269333
S1-580991352	S2-11719472,S2-519424909,S2-559236842,S2-632066762,S2-700101523,S2-853536004,S2-961294665,S3-24490029,S3-373142217
S1-581954611	S2-16239285,S2-225897532,S2-231695929,S2-362797652,S2-403996721,S2-46054460,S2-515789428,S2-601755863,S2-608510162,S2-78981269,S2-88864336,S2-905370717,S2-975278534,S2-977952543,S2-979957103,S2-98147551,S3-436268619,S3-844635447
S1-582100020	S2-236729928,S2-779465114,S2-799736809,S2-99282841,S3-862590558
S1-582394710	S3-67185844
S1-58242382	S2-376171389,S3-16452031
S1-582664909	S2-556909027
S1-584067129	S2-199167226,S2-220028677,S2-315266072,S2-708357287,S3-678181064,S3-874626583,S3-915221170
S1-584391469	S2-712414400,S3-67520928,S3-997921428
S1-584609578	S2-33927521,S2-974687539,S3-138961566,S3-423134830
S1-584898715	S2-131641546,S2-133400210,S2-145965732,S2-161958157,S2-174422048,S2-182122788,S2-1941543,S2-204682450,S2-215814288,S2-294699978,S2-303822688,S2-315301310,S2-325156267,S2-325279316,S2-338986169,S2-427307144,S2-435854364,S2-455086001,S2-457586459,S2-458116155,S2-4735407,S2-474738950,S2-482750188,S2-490777873,S2-512319081,S2-535280372,S2-546872393,S2-560072410,S2-581619463,S2-590222088,S2-615968375,S2-621957046,S2-633750945,S2-649240822,S2-660217968,S2-692329369,S2-715443756,S2-716605032,S2-717079231,S2-725748984,S2-747949834,S2-761607,S2-836851054,S2-853136988,S2-892175071,S2-910454358,S2-947231131,S2-947408913,S2-954232034,S3-128515999,S3-208077989,S3-249317537,S3-302614844,S3-31961236,S3-356998661,S3-463627756,S3-467572009,S3-51126832,S3-528267893,S3-536497984,S3-56844924,S3-604628886,S3-609144702,S3-754072011,S3-789324339,S3-812163751,S3-850198825,S3-953879173
S1-58500965	S2-406355251,S3-422133487,S3-723664862
S1-586972742	S2-282426632,S2-372383771,S3-600385864,S3-839148856,S3-944857732,S3-980331231
S1-586994382	
S1-587039293	
S1-587448674	S2-112160299,S2-130656815,S2-182282325,S2-228655086,S2-326460571,S2-336710848,S2-35554040,S2-393794248,S2-394390305,S2-423709852,S2-442290654,S2-454110857,S2-512059400,S2-535152169,S2-560640973,S2-573097389,S2-626711432,S2-6370899,S2-650536091,S2-731630986,S2-740236485,S2-757500657,S2-762552526,S2-773205318,S2-807302533,S2-813048361,S2-825556124,S2-835692087,S2-845304696,S3-171385915,S3-309993071,S3-354892567,S3-397745064,S3-410026630,S3-428366625,S3-460361959,S3-484828089,S3-487750741,S3-495938269,S3-594491381,S3-615890284,S3-618287981,S3-648759812,S3-685629754,S3-833196880,S3-835291159,S3-840047870,S3-970260854,S3-991173961
S1-587681015	S2-204735263,S2-322781238,S2-688697384,S2-846436669,S2-848934694,S3-364530916,S3-519954493,S3-677969969,S3-680251972,S3-763650988,S3-908153775
S1-588375333	S2-395105753,S2-600340331,S3-957928757
S1-588507793	S2-609227997,S2-695750340,S3-335284797
S1-588602365	S2-163548361,S2-331961186,S2-84397049,S3-421754005,S3-815119075
S1-588747892	S2-178651255,S3-186995204,S3-315346168
S1-588825597	S2-196914764,S2-940464317,S3-315282473,S3-321341767,S3-378712070
S1-589130325	S2-193316837,S2-482924056,S2-740222102,S2-857540819
S1-590083928	S2-159632526,S2-314206624,S3-324632046,S3-888472825
S1-590578012	S2-131641546,S2-165839990,S2-182122788,S2-204015255,S2-204682450,S2-215814288,S2-303822688,S2-343051226,S2-366924707,S2-427307144,S2-435854364,S2-460893037,S2-508600912,S2-560167906,S2-590222088,S2-615968375,S2-621957046,S2-633750945,S2-649240822,S2-717079231,S2-747949834,S2-765185639,S2-910454358,S2-925664698,S2-957017840,S3-180445801,S3-51126832,S3-528267893,S3-604628886,S3-609144702,S3-692154206,S3-752041131,S3-789324339,S3-849442940
S1-590715811	S2-285571064,S3-238008282,S3-283286497,S3-33512092,S3-385382332,S3-399045312,S3-487182278
S1-591041724	S2-329097818,S2-4299547,S2-505736518,S2-54033879,S2-563255340,S2-675837662,S2-790465795,S3-118576871,S3-168482003,S3-18448442,S3-214863009,S3-223458945,S3-543309054,S3-818982429,S3-950580462
S1-591540546	S2-232336253,S2-476953420,S2-65891896,S2-697864363,S2-717893610,S3-215719971,S3-24005587,S3-254487862,S3-358400015,S3-450498270
S1-591968780	S2-371175858,S2-605644452,S2-928422579,S3-670923743,S3-861511857
S1-592038595	S2-992510865
S1-592162925	S2-574581598,S2-765785795,S3-309355182,S3-487945974
S1-592403460	
S1-592477044	S2-904292579,S3-291798584,S3-645450255
S1-592689713	S2-21788174,S2-240072049,S2-567783561,S2-730422122,S3-662415240,S3-916606095,S3-95889079
S1-593161007	S2-728362349,S2-817054707,S3-415541591,S3-598610361,S3-944616348
S1-593242072	S2-58990839,S2-733841284,S2-783400011,S3-776947602
S1-593510472	S2-41447395,S2-479126905,S3-490962693
S1-593628990	S2-760348402,S3-350457728,S3-604547195,S3-859512789,S3-972492694
S1-593937140	S2-184976458,S2-28967759,S2-369472288,S2-468600483,S2-743849911,S2-840112181,S3-384525427
S1-594652071	S2-164334170,S2-692559988,S3-944330090
S1-594804348	S2-105736976,S2-14586796,S2-271183018,S2-331408895,S2-359441335,S2-363607058,S2-402757691,S2-507404889,S2-531916687,S2-532498367,S2-642696703,S2-652850501,S2-675389858,S2-717645169,S2-730223032,S2-828313089,S2-878921513,S2-948401123,S2-949410470,S3-111217259,S3-117731631,S3-126161770,S3-128515999,S3-142662701,S3-155404395,S3-166192093,S3-171042443,S3-182868989,S3-187618463,S3-196942038,S3-240456580,S3-24074754,S3-245612191,S3-252351430,S3-263317529,S3-27041012,S3-273999350,S3-28061917,S3-290199096,S3-313388900,S3-318815112,S3-336875197,S3-354863834,S3-39276555,S3-400308244,S3-413114405,S3-415622416,S3-427082357,S3-434117774,S3-489404904,S3-492984624,S3-501877088,S3-548199280,S3-571852962,S3-584282268,S3-58524409,S3-603823870,S3-613911057,S3-650356171,S3-670759825,S3-684663219,S3-712519860,S3-720894292,S3-730741110,S3-749607143,S3-795510673,S3-799376158,S3-803809089,S3-810044144,S3-816359750,S3-922126216,S3-925863158,S3-935801,S3-93925978,S3-972492694,S3-974582736,S3-982470585
S1-595642877	S2-194390262,S2-520507392,S3-296273538,S3-760795869
S1-596142948	S2-447598326,S2-666098861,S2-838798826,S3-387080902,S3-586052601,S3-928309556
S1-596208423	S2-974859045,S3-555710245,S3-878011801
S1-596542776	S2-20059946,S2-356454850,S3-351026414,S3-381016965,S3-717450770
S1-596622666	S2-476876804,S2-502913794
S1-596988080	S2-224247815,S2-233543,S2-318127676,S2-534261726,S2-542576236,S2-602387618,S2-628230960,S2-634918970,S2-653892374,S2-706518461,S2-763160243,S3-206602572,S3-380265188,S3-408541811,S3-69524363
S1-59732586	S3-303524790,S3-316670613,S3-646237386
S1-597326699	S2-415887678,S2-705935180,S3-505018212
S1-597396636	S2-490141050,S2-91143797,S3-394414192
S1-59777756	S2-250396709,S2-841156750,S3-220667574,S3-635910837
S1-597945637	S2-798088351,S3-104540576,S3-473953447
S1-598132834	S2-507482516,S2-64589380,S2-801880858,S2-853424830
S1-598223738	S2-291601831,S2-318746519,S2-545845150,S2-559819320,S3-648759812,S3-708739931
S1-598464407	S2-224800259,S2-38928849,S2-429466916,S2-604388322,S2-695619319,S3-154537999,S3-528820890,S3-849755708,S3-914722164
S1-598928378	S2-230808920,S2-296676041,S2-347838495,S2-439651192,S2-508556096,S2-55379283,S2-659593471,S2-736629115,S2-742959784,S3-359280953,S3-489776717,S3-522747511,S3-71625662
S1-599636191	S2-217336974,S2-244401989,S2-258631134,S2-324540685,S2-358706564,S2-614669962,S2-968063541,S3-50827469,S3-615543498
S1-599867640	S2-130137299,S2-186386560,S2-383146652,S2-526615898,S2-683385357,S2-751548744,S2-777025277,S3-135875861,S3-294333743,S3-679237754
S1-600050186	S2-164858096,S2-323890665,S2-327135472,S2-44999749,S2-525636089,S2-896947166,S3-397184127,S3-854745687
S1-600079652	S2-178901694,S2-454085987,S2-708787460,S3-802405915,S3-877820516,S3-950711577
S1-600390910	S2-260483,S3-649957053,S3-712976457
S1-600876573	S2-451420922,S2-68263609,S2-764913239,S2-817405519,S3-361516137,S3-461527189,S3-750933835
S1-601139225	S2-104010249,S2-358150535,S2-413485866,S3-730784945,S3-75226242,S3-802320572
S1-602570703	S2-227569602,S2-23999262,S3-15480970
S1-602590500	S2-150785318,S2-681440059,S3-124327720
S1-602636473	S2-498461566,S2-95435963,S3-177796963,S3-316450955
S1-602706958	S2-819257780,S2-843233185,S3-116424808,S3-220894599,S3-238686023,S3-343645334,S3-461673543
S1-604792196	S2-285496451,S2-299541712,S2-545795864,S3-115197819,S3-212372266
S1-604997355	S2-211439566,S2-342823298,S3-172243581,S3-240611183,S3-294251690,S3-349264867,S3-384669711,S3-474990749,S3-773630190
S1-605028537	S2-389191690,S2-498439349,S2-552153217,S3-123959316,S3-381231320,S3-688168680
S1-605095385	S2-22968799,S2-266133837,S2-310585273,S2-319874494,S2-54216339,S2-621558442,S2-625382442,S2-669144158,S2-680086967,S2-818854452,S2-846711491,S2-881737185,S2-980392060,S3-117031508,S3-176055419,S3-194167948,S3-195725773,S3-212405495,S3-278898746,S3-459403283,S3-586386049,S3-58644276,S3-67896920,S3-774462818,S3-791837707,S3-970781964,S3-987689072
S1-605163939	S2-230678404,S2-316337951,S2-359682315,S2-375693973,S3-280888693,S3-89288140,S3-913553873
S1-605245275	S2-555378202,S3-628365940
S1-605553390	S2-118837087,S2-179522792,S2-258766569,S2-629881108,S3-326233006,S3-340910351,S3-575862064,S3-779829286
S1-60618489	S2-338897336,S2-342609367,S2-496883312,S2-885081962,S3-115901762,S3-146317351,S3-707376172
S1-606269938	S3-695697045,S3-791645903
S1-606896593	S2-136172026,S2-251084306,S2-367475285,S2-375798853,S2-517542322,S2-67698628,S2-933471637,S3-179285295,S3-485113137,S3-763321685
S1-607157462	S2-108450909,S2-306635236,S2-427376652,S2-442367544,S2-444592975,S3-328298029,S3-624272592,S3-7810106,S3-996237030,S3-999645849
S1-607226722	S2-523563492,S2-967338517,S3-339806004
S1-60729807	S2-131641546,S2-133400210,S2-145965732,S2-161958157,S2-174422048,S2-182122788,S2-183749632,S2-204682450,S2-204742663,S2-215814288,S2-227560513,S2-257161820,S2-265643642,S2-294699978,S2-303822688,S2-312295919,S2-313005567,S2-314765395,S2-315301310,S2-325156267,S2-325279316,S2-336729159,S2-337530403,S2-338986169,S2-367038818,S2-388434927,S2-391796828,S2-395810184,S2-399593262,S2-420842425,S2-427307144,S2-435854364,S2-43824315,S2-455086001,S2-462338370,S2-464459176,S2-4735407,S2-474738950,S2-482750188,S2-490777873,S2-503792831,S2-508600912,S2-512319081,S2-535280372,S2-539953239,S2-546872393,S2-560072410,S2-560167906,S2-566557047,S2-573780201,S2-581619463,S2-590222088,S2-594368260,S2-615968375,S2-621957046,S2-62709696,S2-633750945,S2-634596621,S2-642996106,S2-649240822,S2-660217968,S2-665824770,S2-692329369,S2-715443756,S2-716605032,S2-717079231,S2-72158227,S2-725748984,S2-739966258,S2-747949834,S2-751975734,S2-765185639,S2-798784547,S2-812699677,S2-816633379,S2-820663634,S2-853136988,S2-874622618,S2-892175071,S2-910454358,S2-911435615,S2-925664698,S2-947408913,S2-949658430,S2-954232034,S2-979234242,S3-128515999,S3-158981602,S3-180445801,S3-208077989,S3-249317537,S3-31961236,S3-356998661,S3-467572009,S3-49181058,S3-51126832,S3-528267893,S3-557809568,S3-56844924,S3-604628886,S3-609144702,S3-741883434,S3-754072011,S3-789324339,S3-812163751,S3-952200773,S3-953879173
S1-608038725	S2-192681436,S2-217803628,S2-895472957,S3-993567829
S1-608135688	S2-122814773,S2-374218466,S2-774873950,S2-920000463,S3-741327414
S1-608729938	S2-834570059,S3-419805115,S3-476086031
S1-609382808	S2-694731976,S3-890350791
S1-609764415	S2-423574276,S3-346224169,S3-485404316
S1-610045807	S2-167147670,S3-626302593,S3-849802609,S3-873420669
S1-610510125	S2-425808541,S2-708294172,S2-72938136,S2-994378924,S3-320041418,S3-770616960,S3-844305889
S1-611260485	S2-354033902,S2-904524714,S3-815637278
S1-611419583	S3-110410779,S3-349706320,S3-430158029
S1-612047495	S2-629890057,S2-689358360,S2-69227665,S2-742209221,S2-99088516,S3-462499380,S3-656595725
S1-613897514	S2-320120438,S2-38609452,S2-472592059,S2-551477577,S3-436397188,S3-570379615,S3-863748086
S1-614177129	S2-112188108,S2-380295018,S2-540752157,S2-625853628,S2-667644439,S3-530076772
S1-614265811	S2-273126253,S3-281492576
S1-614538636	S2-668592603,S2-859589679,S2-963183805,S3-647451607,S3-908928589
S1-615120827	S2-13738361,S2-51483418,S3-511512899,S3-768160435
S1-616158497	S2-442419547,S2-752085008,S3-112565000,S3-259551130,S3-996177897
S1-616566605	S2-283045008,S2-726402380,S2-875711148,S3-750932991,S3-886007499
S1-616669583	S2-16646979,S2-174368750,S3-456546080
S1-616932183	S2-575427971,S3-154412073,S3-710852927,S3-759626159,S3-977763929
S1-617045030	S2-192686140,S2-280414184,S2-618119035,S2-77282544,S3-426211267,S3-891346090
S1-617103528	S2-162582868,S3-545487064
S1-617327494	S2-797341732,S3-766811724
S1-618167099	S2-808050950,S2-959491339,S3-234310655
S1-618175396	S2-111605215,S2-962727305,S3-145644173,S3-927669005
S1-618675158	S3-86850100,S3-914558888
S1-618796838	S2-926059083,S3-309256863,S3-882857530
S1-619752106	S2-343796639,S2-95439833,S2-991254095,S3-231127853,S3-496755377,S3-659351801
S1-619800936	S2-358543616,S2-499558131,S3-102266007,S3-537360147,S3-818474874
S1-619807351	S2-49445416
S1-620120205	S2-212873735,S3-372600319,S3-586469402,S3-767200875
S1-620245382	S2-391007500,S2-5472150,S2-728829589,S3-846148960
S1-621046324	S2-399367670,S2-400952278,S2-941558648,S3-391065497,S3-451365577
S1-621280823	S2-252200190,S2-605254664,S2-719989503,S3-154271763
S1-62132736	S2-394326485,S2-580601683,S2-592238525,S3-323213673,S3-346143636,S3-612010282,S3-852689853
S1-622853869	S2-985842075,S3-432353363,S3-728269590
S1-623281522	S2-182282325,S2-35554040,S2-401798269,S2-423709852,S2-573097389,S2-650536091,S2-675837662,S2-762552526,S2-773205318,S2-777614229,S2-813048361,S2-835692087,S2-845304696,S2-906553726,S2-982013240,S3-309993071,S3-486242082,S3-654162646,S3-67107419,S3-725281606,S3-833112973,S3-945494647
S1-624188031	S2-200208249,S2-450188507,S2-470217811,S2-72465915,S2-986917221,S3-111936565,S3-290547260,S3-486091060,S3-59200753
S1-628967109	S2-529810328,S2-954816381,S3-211345381,S3-631971081
S1-630131818	S2-137860667,S2-49260590,S2-64243814,S3-846382811,S3-939072693
S1-631006621	S2-135260200,S2-503647013,S3-210505362,S3-3263534,S3-494203628,S3-703481228,S3-967174168
S1-631192875	S3-230401837,S3-293979870,S3-314729283,S3-752119427
S1-631314990	S2-102912012,S2-36124994,S2-495285538,S2-741614849,S2-82825408,S2-83105202,S3-194811376,S3-320383995,S3-427268508,S3-456885346,S3-490395701,S3-55827326,S3-698925190,S3-722106121,S3-828993483,S3-999639351
S1-632255661	S2-171949193,S2-315219425,S2-533869588,S2-963335748,S3-938959880
S1-632423340	S2-147839123,S2-571039531,S3-28113201,S3-765519197
S1-632808676	S2-228833374,S2-63827938,S2-772680918,S3-592245912
S1-632841874	S2-807728042,S2-9852812,S2-999584265,S3-145508990,S3-505528147,S3-794991080,S3-916210709
S1-632975606	S2-204682450,S2-210710437,S2-297460582,S2-343051226,S2-389348200,S2-450380387,S2-473396003,S2-47604384,S2-486544070,S2-747949834,S2-761058995,S2-782337156,S2-875916864,S2-896711309,S2-925664698,S3-31796576,S3-43912950,S3-492437945,S3-591567981,S3-731953696,S3-782798386
S1-633002743	S3-546876354
S1-633195828	S2-166123732,S2-29839813,S2-434635304,S2-751481397,S3-22615665,S3-486005296,S3-948698318
S1-633305385	S2-380014498,S2-506709119,S2-539095631,S3-431904393
S1-633933260	S2-343604538,S2-440814763,S2-459004072,S2-490291393,S2-541664858,S2-591051107,S2-763630919,S3-404239823,S3-444750091,S3-531327888,S3-546530212,S3-86520019,S3-927457803
S1-633969517	S2-168880188,S2-179045245,S2-279242132,S2-284505962,S2-31648246,S2-318665307,S2-320225734,S2-39916782,S2-487303433,S2-561383617,S2-835261185,S2-856695815,S3-181144000,S3-388254855,S3-404181640,S3-458120613,S3-481279997,S3-482057052,S3-64621935,S3-680266124,S3-857133493
S1-633996104	S2-131641546,S2-145965732,S2-161958157,S2-174422048,S2-182122788,S2-204682450,S2-215814288,S2-294699978,S2-303822688,S2-315301310,S2-325156267,S2-325279316,S2-343051226,S2-388434927,S2-427307144,S2-435854364,S2-455086001,S2-482750188,S2-490777873,S2-512319081,S2-560072410,S2-590222088,S2-615968375,S2-621957046,S2-633750945,S2-649240822,S2-660217968,S2-692329369,S2-715443756,S2-716605032,S2-717079231,S2-747949834,S2-765185639,S2-798784547,S2-820663634,S2-884091284,S2-892175071,S2-910454358,S2-947408913,S2-949658430,S3-128515999,S3-180445801,S3-249317537,S3-31961236,S3-356998661,S3-467572009,S3-51126832,S3-528267893,S3-604628886,S3-609144702,S3-789324339,S3-812163751,S3-894754401,S3-953879173,S3-973416958
S1-634040447	S2-145414380,S2-172996009,S2-283045008,S2-304438039,S2-33044192,S2-34505578,S2-482417258,S2-552129803,S2-584833946,S2-688155094,S2-714066428,S2-726402380,S2-733539358,S2-875711148,S2-980084479,S2-981001845,S2-987689694,S3-142646493,S3-189135862,S3-404239823,S3-605517723,S3-670416004,S3-82935032,S3-888563379,S3-952361645,S3-992839993
S1-635458086	S2-28523790,S2-439829194,S2-460205367,S2-839216858,S3-268516359,S3-316751484,S3-339579272,S3-384493681,S3-878666799,S3-993999277
S1-635938782	S2-706396663,S3-214297822,S3-243726784,S3-860838612,S3-953939796
S1-635981809	S2-815641555,S2-867953926
S1-636029017	S2-541101583,S3-202347076,S3-34980034
S1-636118675	S2-315100137,S3-226898580,S3-795960336
S1-638142093	S3-247136754
S1-63867443	S2-946352358,S3-11122706,S3-795622671,S3-817573592
S1-638707089	S2-43676555,S2-790643768,S3-761744893
S1-639093229	S2-147156968,S2-213677039,S2-827368859,S3-133404421,S3-146310635,S3-156918166,S3-229924425,S3-46026107,S3-539841772,S3-885155771
S1-640225059	S2-53689234,S2-776062498,S3-27295384
S1-640244142	S2-193533472,S2-506270851,S2-652252875,S2-726783799,S2-925568071,S3-161048337,S3-656796308,S3-773805995,S3-817426319,S3-901143785
S1-640415938	S2-884042346,S3-124752689,S3-287449314,S3-69709747
S1-64065965	S2-46054460,S2-56177100,S2-865745024,S3-405700274,S3-566055051
S1-640731308	S2-681020659,S3-38001519,S3-405885067,S3-734110204,S3-946924808
S1-640768528	S2-253341401,S2-574946003,S3-225102269,S3-952146127
S1-64150197	S2-188384442,S2-215814288,S2-435854364,S2-74312883,S3-180445801,S3-191594365,S3-272243672,S3-51126832,S3-556859636,S3-609144702,S3-97856520,S3-97969721
S1-641740520	S2-379622810,S2-530852018,S2-656561084,S2-986511621,S3-116377906,S3-463627756,S3-580488427
S1-642021685	S2-466784226,S2-848888770,S3-130666262,S3-292887559,S3-725872465,S3-761826107
S1-644362262	S2-542226337,S2-709281669,S3-87167371
S1-645161211	S2-153773755,S2-174308536,S2-309972161,S2-855631053,S3-20759547,S3-296715166,S3-36476447,S3-381406695,S3-533897143,S3-586724552,S3-607402482,S3-723000690,S3-984195123
S1-645405975	S2-393184177,S2-913743456
S1-645513574	S2-230678404,S2-316337951,S2-42388795,S2-795419062,S3-150604129,S3-768892597
S1-646564532	S2-511946988,S2-694645531,S3-356098531,S3-458267890,S3-722293334,S3-7639535
S1-64661708	S2-282575660,S2-448437692,S2-597296169,S2-729207692,S3-262757493,S3-294627914,S3-297083027,S3-394925949,S3-564449221,S3-580006548,S3-778593767,S3-897987,S3-978559117,S3-979924767
S1-647007116	S2-144870753,S2-242277745,S2-521929451,S2-64251983,S3-460098862,S3-625956622
S1-647184753	S2-613907117,S3-288888567,S3-40217977
S1-647275817	S2-133043137,S2-677671145,S2-705979342,S2-720505885,S2-943199348,S3-240244253,S3-379183494,S3-912389002
S1-64819565	S2-11737730,S2-250834918,S2-262719145,S2-398155781,S2-463398721,S2-652962234,S3-227263878,S3-486185798,S3-513237504,S3-663807007,S3-790284396,S3-796573856
S1-64830361	S2-300550531,S2-423140193,S2-454584381,S2-466853705,S2-591170252,S2-740561092,S2-76048810,S2-817112950,S2-848607836,S2-936210927,S3-170046888,S3-218578488,S3-587060084,S3-638685336,S3-801020521,S3-806706554
S1-648376288	S2-331477376,S2-403601328,S3-58368355
S1-649056636	S2-517324417,S2-848983617,S3-381649854,S3-402894285,S3-825401894
S1-649119400	S2-258231021,S2-391670983,S2-657284012,S2-823899817
S1-649184136	S2-11460342,S2-158576341,S2-380899551,S2-496086605,S2-624041461,S2-680220847,S2-695829093,S2-773406771,S2-893756138,S2-974665863,S3-100636264,S3-392798662,S3-55739141,S3-950152169
S1-650157112	S2-180280932,S2-282143838,S2-469615125,S2-872981000,S3-494685322
S1-650568563	S2-206058621,S2-367863163,S2-594712676,S2-661974340,S3-902612578
S1-651129534	S2-364960868,S2-45738858,S2-753717631,S3-108868209,S3-440277049
S1-651672220	S2-633155366,S2-932363878,S3-209480384,S3-507479158
S1-652208532	S2-403331756,S2-925319342,S3-330534234,S3-511649753,S3-513524305,S3-55069311,S3-799376158,S3-974582736
S1-652793821	S2-15188230,S2-529110561,S2-710184466,S2-72082789,S3-513435076,S3-61755987,S3-619962805,S3-780777169,S3-87083914
S1-652807575	S2-188403694,S2-35554040,S2-469958268,S2-611991032,S2-807302533,S3-327137275,S3-426128040
S1-654875210	S2-214879434,S2-439896208,S2-573351890,S3-478551261,S3-982988303
S1-65510600	S2-118686124,S2-292345951,S2-295229266,S2-688114760,S2-774324456,S2-847815685,S3-36455182,S3-37654601,S3-85301863
S1-65574077	S2-865221894,S2-884426177,S3-247619534,S3-50722130,S3-513018201
S1-656855125	S2-257652379,S2-923614351,S3-154640014,S3-587620070
S1-657151890	S2-624121766,S2-917062619,S3-507801765,S3-74083051
S1-657157119	S2-471808029,S2-609177223,S2-873593900,S3-730338921
S1-657209268	S2-55568024,S2-635904040,S2-683385357,S3-219409788,S3-233767917,S3-67051068
S1-657397601	S2-490777873,S2-607754509,S2-808368598,S2-816633379,S2-830606976,S3-226665368,S3-492456110,S3-560054751,S3-562654578,S3-885986223,S3-999510550
S1-658053312	S2-216283406,S2-560207726,S2-587441226,S3-289216743,S3-390381960,S3-607734235,S3-745552321,S3-758460152
S1-659602074	S3-135972265,S3-315327865
S1-659827079	S2-367589738,S2-579484257,S3-348469201,S3-805496791,S3-853954762,S3-868894360,S3-907482671
S1-660135462	S2-115120573,S2-177955785,S2-361623713,S2-453033752,S2-571102008,S2-972172575,S3-154645020,S3-476506769,S3-639516903,S3-898862720
S1-66214334	S2-11976805,S2-236290487,S2-345246697,S2-580955379,S3-608896652,S3-752872180
S1-662463689	S2-304876461,S2-458976978,S2-497194085,S3-180234127,S3-679626718,S3-945622284
S1-662564868	S2-292202417,S2-569759219,S3-372018841,S3-480147694
S1-662998007	S2-23805758,S2-48504936,S2-739402146,S3-66202727
S1-663621620	S2-2757746,S2-378206082,S2-440988096,S2-44322485,S2-461687748,S2-487245946,S2-503104774,S2-588040848,S2-678491336,S2-717645169,S2-870542339,S2-987590239,S3-155404395,S3-155953990,S3-187618463,S3-193889685,S3-252351430,S3-263317529,S3-291261538,S3-415622416,S3-436170685,S3-478339616,S3-501877088,S3-589341985,S3-706609419,S3-730741110,S3-823064560,S3-84921261,S3-87574796,S3-895513120,S3-93925978
S1-663851426	S2-961857301,S3-179887715,S3-894942163
S1-664013102	S2-779059825,S3-152325900,S3-234862878,S3-718608957
S1-664538748	S2-266375011,S2-767507273,S2-854380478,S3-471127841,S3-758120351,S3-905392785
S1-665089355	S2-787741190,S3-702694541,S3-985913670
S1-665257531	S2-185983369,S2-359300469,S2-398421020,S2-559658600,S3-123349833,S3-248252516
S1-665450693	S2-164679638,S2-331735980,S3-288068480,S3-345974203,S3-645014397
S1-666356802	S2-393067255,S3-427618279,S3-459661173,S3-541125181,S3-968024349
S1-666748945	S2-2863098,S2-468974209,S3-364704488
S1-667995742	S2-127017284,S2-355251135,S2-478880515,S2-498427269,S2-520901828,S2-700564424,S2-851400057,S2-900897961,S2-90573747,S3-3692995,S3-380171010,S3-569844507,S3-58201755,S3-715812847,S3-770038522,S3-776835498,S3-894072359
S1-668052528	S2-160695717,S2-307186004,S3-324043033,S3-85092618,S3-956665802
S1-668126070	S2-573400098,S3-493036007,S3-552260004,S3-793658439
S1-668526765	
S1-668985317	S3-321100708
S1-670129686	S2-315364604,S2-626666698,S3-189166014,S3-244742209,S3-806928212,S3-829232530
S1-671682191	S2-378627071,S3-188648020,S3-31535318,S3-453975964
S1-672009799	S2-230129469,S2-409862931,S3-349690985,S3-703290482,S3-89582201
S1-672145797	S2-564785971,S3-858492772
S1-672532212	S2-193967349,S2-356533545,S2-510989496,S3-773995629
S1-672884893	S2-180968936,S2-60380556,S3-645867143,S3-659553777,S3-951543411
S1-673544849	S2-271498296,S2-344866039,S2-770265364,S2-878880978,S3-189522008,S3-232034223,S3-757956701,S3-928491518,S3-935801,S3-94712204,S3-974582736
S1-673727479	S3-13019461,S3-610227619,S3-691436830
S1-675289169	S2-190972978,S2-223799678,S2-766589423,S3-617833374,S3-763120864
S1-675353498	S2-370575004,S2-914453945,S3-330891387,S3-384097268,S3-867243599
S1-675512899	S2-230029930,S3-267119080
S1-676731953	S2-562739621,S2-742855062,S3-2939297,S3-793661143
S1-676799257	S3-545555546
S1-677655069	S2-145868678,S2-186863229,S2-292345951,S2-302185840,S2-375984929,S2-400605080,S2-522075249,S2-758261896,S3-114178445,S3-127394516,S3-291140200,S3-317405661,S3-361201190,S3-36802276,S3-390250058,S3-483178305,S3-514745357,S3-595862828,S3-681782005,S3-811366767,S3-822167892
S1-677699357	S2-239879485,S2-251877358,S2-886732289,S3-367045681
S1-677991820	S2-127736375,S2-715846707,S3-283174647,S3-91216897,S3-939619799,S3-998663478
S1-678196939	S2-427260555,S2-865846055,S3-577004517,S3-724354179,S3-948924011
S1-679247095	S2-213834997,S2-243023138,S2-42927341,S3-293773078,S3-356483378,S3-380718390,S3-789056958,S3-92661069
S1-680374386	S2-153138310,S2-476899346,S2-617051033,S2-945724846,S3-159095878,S3-430540114
S1-681292189	S2-406713466,S2-412921722,S2-722873811,S2-804919689,S3-35760717
S1-681327199	S2-240826766,S2-428903511,S2-708794030,S3-521726487,S3-751211933,S3-907885837
S1-68136431	S2-161133663,S2-901907842,S3-786073259
S1-683148514	S2-138543047,S2-213035417,S2-393602163,S2-737123387,S3-42110902,S3-782687128,S3-790842158
S1-683529481	S2-414684282,S2-832751917,S3-54573076,S3-994098439
S1-683774201	S2-177629514,S3-164746936,S3-211137852,S3-296854628,S3-690845634,S3-944468175
S1-685875803	S2-774846668,S3-433311528,S3-794903190
S1-685910850	S2-723069353,S3-158288312
S1-686059364	
S1-686241407	S2-283579865,S2-48730410,S3-911898468,S3-932970617
S1-686406047	S2-549406418,S2-782579289,S3-472854344,S3-99402430
S1-687244273	S2-371034765,S2-577703369,S3-506015806,S3-538909072
S1-687363887	S2-129729138,S2-46825869,S2-986003377,S3-309888800,S3-395008792,S3-692515700,S3-806550753,S3-91154534
S1-687477167	S3-197153808,S3-9263139
S1-687578965	S2-649497478,S3-636459763
S1-687706816	S2-764334297,S2-975701382,S3-222039368,S3-231145303
S1-687846051	
S1-688880244	S2-141060787,S2-145414380,S2-166517473,S2-170117252,S2-172996009,S2-258594060,S2-304438039,S2-317921947,S2-33044192,S2-372041651,S2-432617311,S2-437728199,S2-474180344,S2-481067706,S2-507209028,S2-518557099,S2-547283395,S2-553868067,S2-576214219,S2-584833946,S2-587291586,S2-608966238,S2-612485938,S2-642810454,S2-68398475,S2-702325025,S2-714066428,S2-757866518,S2-799736809,S2-815641555,S2-81738766,S2-817996660,S2-839565072,S2-880524158,S2-884489579,S2-918206888,S2-953676161,S2-981001845,S2-983837825,S2-987689694,S3-25925080,S3-437421600,S3-56882764,S3-57798455,S3-590512653,S3-634595565,S3-690091512,S3-726875238,S3-735063870,S3-972157828
S1-68942159	S2-104561009,S2-15892268,S2-180989255,S2-630674008,S2-642629970,S3-144643384,S3-270328397,S3-553631637
S1-69010076	S2-708100229,S3-180047246,S3-972181561,S3-995810856
S1-690365928	S2-989552830,S3-463432066,S3-565299455,S3-641970241
S1-690723247	S2-164753317,S2-186645270,S2-259707643,S2-385185969,S2-400957226,S2-523760841,S2-583136913,S2-669873608,S2-875782641,S2-972511427,S3-413754165,S3-635572677
S1-691258462	S2-187210281,S2-241470329,S2-665283243,S2-72401113,S3-354430885,S3-539322808,S3-62813561,S3-681145799,S3-84540688
S1-691414582	S2-135242285,S2-436263041,S2-470524293,S2-628409933,S2-635832558,S2-664994074,S3-165784889,S3-294246906,S3-336153307,S3-706689101,S3-725427889,S3-89454905,S3-934344263,S3-950178802,S3-99328860
S1-691619566	S2-23210476,S2-577915604,S3-388285280,S3-913440877
S1-692110125	S2-172808058,S2-656878082,S3-400051198,S3-74263499
S1-692414527	S3-365872760
S1-692497473	S2-495599144,S3-313501637,S3-604658680,S3-632275061,S3-685545314,S3-68655582
S1-694127673	S3-388285280,S3-705049641
S1-694467155	S2-496176495,S2-506775116,S2-896562719,S3-856755496
S1-694520496	S2-361918442,S2-782172946,S2-852550777,S3-475706101,S3-62402434,S3-699970103
S1-69548894	
S1-696234540	S2-21328958,S2-363607058,S2-872887373,S2-902397612,S3-154996264,S3-174885753,S3-180854023,S3-18101426,S3-311876884,S3-394482383,S3-507622347,S3-509461016,S3-548199280,S3-584282268,S3-593107515,S3-613911057,S3-684729638,S3-848629825,S3-850361983,S3-86873814,S3-922126216,S3-972492694
S1-696247430	S2-850454712,S2-937123426,S3-298670683,S3-299320344
S1-69662765	S2-466582302,S3-156595040,S3-545312370
S1-697014409	S2-20403989,S2-554092879,S3-359728639,S3-512664228,S3-667549740
S1-700260546	S2-241475807,S2-771827138,S2-988793895,S3-23583705,S3-268102918,S3-320881049,S3-68400197,S3-867001705,S3-938266033
S1-70099497	S2-673922330,S2-810843547,S2-940953099,S3-250879616,S3-298576371
S1-701181709	S2-175051097,S3-527648241,S3-591710833
S1-701194641	S2-15892268,S2-180989255,S2-269816112,S2-642629970,S2-703614655,S3-144643384,S3-270328397,S3-822717092,S3-954172408,S3-992369689,S3-992576763
S1-701474916	S2-115192379,S2-883660277,S3-251282470
S1-701642694	S2-77077134,S3-869856427
S1-702013182	S2-126639707,S3-660366544
S1-703017850	S2-758566132,S3-195426267,S3-628292525
S1-703058200	S2-389259363,S2-508193693,S2-548417486,S2-827211986,S3-329670284,S3-329952111
S1-703285282	S2-3052088,S2-723114700,S2-729595398,S2-891932262,S3-143684109,S3-293979870,S3-791374150,S3-996077428
S1-703548818	S3-393907407,S3-645991342
S1-704228163	S2-870811885,S3-567558486
S1-704338524	S2-131733972,S3-5473369
S1-704340002	S3-553971689
S1-704343442	S2-220521057,S2-261598716,S2-61941204,S3-951464640
S1-70442231	S2-112160299,S2-145541095,S2-154956498,S2-178436879,S2-182282325,S2-206799628,S2-326460571,S2-336710848,S2-35554040,S2-393794248,S2-394390305,S2-395695486,S2-409768810,S2-423709852,S2-442290654,S2-454110857,S2-501988747,S2-512059400,S2-535152169,S2-554964127,S2-560640973,S2-573097389,S2-626711432,S2-6370899,S2-644542231,S2-650536091,S2-708583609,S2-757500657,S2-762552526,S2-773205318,S2-786707906,S2-807302533,S2-813048361,S2-825556124,S2-835692087,S2-845304696,S2-886955912,S3-171385915,S3-19425472,S3-204389193,S3-227944975,S3-25536132,S3-266064610,S3-277101269,S3-313721370,S3-319078750,S3-329609496,S3-34433876,S3-3681503,S3-378297517,S3-387118883,S3-484828089,S3-487750741,S3-52050245,S3-530209788,S3-534869484,S3-594491381,S3-618287981,S3-620127214,S3-648759812,S3-654162646,S3-835291159,S3-929245184,S3-938905221,S3-951187495
S1-704549631	S2-276228558,S2-392741552,S2-744993271,S3-312838421
S1-704840333	S2-247713684,S2-271691921,S2-874477721,S3-394828736,S3-674533752,S3-837615351,S3-890470819
S1-704981432	S2-670561752,S2-772233137,S2-957980126,S3-393003337,S3-708328710,S3-718427217,S3-859115241
S1-705044535	S2-21045627,S2-366633402,S2-386673698,S2-543965214,S2-583757647,S3-589814431
S1-706005709	S2-354444871,S2-502039286,S3-708401111
S1-707463288	S2-249846904,S2-269716551,S2-37456627,S2-380972656,S2-562008573,S2-586674046,S2-794211890,S2-906508563,S3-214697593,S3-895509964
S1-708050813	S2-499215643,S2-561325645,S3-125918877,S3-145115206,S3-182025866
S1-708050947	S2-253696177,S2-306888608,S2-846300116,S2-879167762,S3-305201122
S1-710503166	S2-207761755,S3-964897606
S1-71065496	S2-18021048,S2-299976104,S2-421748948,S2-958912327,S3-411518370,S3-477507914
S1-711467009	S2-107779067,S2-120329216,S2-120737281,S2-160136328,S2-160448098,S2-179926110,S2-188901356,S2-210145538,S2-213521244,S2-215327104,S2-218184085,S2-281662750,S2-287114287,S2-290350178,S2-316201794,S2-327600750,S2-357415601,S2-363425537,S2-38407765,S2-393385635,S2-412330898,S2-453371941,S2-471140172,S2-477207731,S2-478772045,S2-494816960,S2-496749855,S2-498374890,S2-513183324,S2-519376196,S2-542850777,S2-543840280,S2-573280019,S2-603032036,S2-65785418,S2-691451325,S2-708965069,S2-721115811,S2-755009280,S2-772185842,S2-779970789,S2-783560597,S2-810597929,S2-816289843,S2-830979278,S2-846744645,S2-862744602,S2-866963243,S2-90363392,S2-924549925,S2-930163835,S2-966941707,S3-116933727,S3-173205744,S3-248574829,S3-313752592,S3-317747568,S3-348558980,S3-357814988,S3-383282686,S3-439290766,S3-441035510,S3-443174492,S3-478950939,S3-542685586,S3-56143484,S3-603076948,S3-610315408,S3-631128182,S3-724774750,S3-870616764,S3-97524967
S1-711560110	S2-102715401,S2-251114511,S2-47391371,S2-650455750,S3-113720840,S3-173859775,S3-471864811,S3-596846608,S3-85772591,S3-872017310,S3-903799261,S3-941039527
S1-711802618	S2-20976463,S2-52868941,S3-127005603,S3-942511743
S1-712049302	S2-156789832,S2-479811653,S2-697525738,S2-853127356,S3-113795070,S3-419894485,S3-65142091,S3-817127527
S1-712205013	S2-112172365,S2-233160825,S2-298939924,S3-754178938
S1-712450634	S2-697476456,S3-180307798,S3-968116440
S1-712474053	S2-24143572,S2-420311369,S3-492258887
S1-713015499	S2-297904418
S1-713125517	S2-809880357,S3-568101871,S3-954419535
S1-713398366	S3-284926862
S1-714131888	S2-139427247,S2-343604538,S2-369129349,S2-440814763,S2-459004072,S2-490291393,S2-542824039,S2-623005735,S2-697109807,S2-704456439,S2-716488126,S2-741687031,S2-763630919,S2-860075539,S2-862554619,S2-931969599,S3-146442871,S3-228852807,S3-329125557,S3-378297517,S3-426574190,S3-431183124,S3-592128417,S3-652142899,S3-687267325,S3-851450196
S1-714146178	S2-131641546,S2-145965732,S2-182122788,S2-204682450,S2-215814288,S2-263312452,S2-279605052,S2-303822688,S2-343051226,S2-369588015,S2-373812151,S2-388644628,S2-395810184,S2-406995106,S2-420842425,S2-427307144,S2-435854364,S2-43824315,S2-457586459,S2-508600912,S2-512319081,S2-535280372,S2-537873935,S2-573280019,S2-590222088,S2-615968375,S2-621957046,S2-633750945,S2-649240822,S2-717079231,S2-725748984,S2-751975734,S2-765185639,S2-812699677,S2-910454358,S2-984008141,S3-121735376,S3-270087022,S3-294493552,S3-365457205,S3-424204660,S3-460576189,S3-462198300,S3-51126832,S3-528267893,S3-604628886,S3-609144702,S3-734297983,S3-7420621,S3-86541745,S3-94414577
S1-714284551	S2-198129163,S2-34580946,S2-898786058,S3-100303351,S3-130325222,S3-222818871,S3-549524777
S1-715146045	S2-155728529,S3-255008871,S3-913199286,S3-950302273,S3-980285876
S1-715673259	S2-942771983,S3-754034239,S3-951444895
S1-715928160	S2-72681939,S3-259959754
S1-716231102	S2-540780375,S3-899624426
S1-71656643	S2-305005427,S3-363237071,S3-97856520
S1-717109392	S2-150730892,S2-924152937,S2-941041021,S3-101587777,S3-308204609,S3-364289370,S3-499082615
S1-717252582	S2-565829913,S3-561924176
S1-717646377	S2-551015029,S2-606310128,S3-276630118,S3-564065500
S1-717998761	S2-443468158,S3-136280909,S3-454084400,S3-507847472,S3-753138933
S1-718260216	S2-72401113,S2-885895621,S3-296401993
S1-71889785	S2-684897521,S3-226428185,S3-338171057
S1-719360392	S2-135894576,S2-271274153,S2-397614607,S2-862571393,S2-897468272,S3-276097436,S3-530415929,S3-938517756
S1-720435441	S2-895915897,S3-201436227
S1-721795590	S2-784398029,S2-834175295,S3-135268849,S3-226853013
S1-721883039	S2-140465762,S2-434193508,S3-233453295
S1-721911045	S2-368874196,S2-490587824,S2-508234297,S2-550265164,S2-560822434,S2-906647282,S3-431039470,S3-800716851
S1-723860098	S2-24989455,S3-160090848
S1-724255271	S2-601638126,S3-594965622
S1-724528308	S2-470524293,S2-635832558,S2-664994074,S2-846560899,S2-97682471,S3-294246906,S3-669178398,S3-706689101,S3-725427889,S3-89454905,S3-99328860
S1-72461653	S2-271437786,S2-980004936,S3-697473885,S3-975336775
S1-724703736	S2-137451672,S2-282979079,S2-352348117,S2-697698376,S3-269691495,S3-271884864,S3-992872788
S1-724888248	S3-310575273,S3-877958468,S3-955639196
S1-726664732	S2-936263590,S3-15075803,S3-153667173,S3-518338119,S3-673898092,S3-962086298
S1-726926375	
S1-727343864	S2-342987468,S2-451475035,S2-548777415,S2-573590166,S2-629449858,S2-800605240,S3-295909287,S3-566662669,S3-715293849,S3-9126403
S1-727569394	S2-126063641
S1-727812404	S2-207164301,S2-257350118,S3-605743361
S1-728211585	S2-700841219,S3-131266558,S3-338683690,S3-668844862,S3-673336032,S3-713312211,S3-733258400,S3-927416065
S1-728437419	S3-756644304
S1-728814210	S2-259103799,S2-461550676,S2-613217325,S3-595930228,S3-644637972
S1-728887844	S2-150730892,S2-17485571,S2-455980860,S3-364289370,S3-499082615,S3-735956737
S1-72915914	S2-236178013,S3-805666409,S3-907373141
S1-729164458	S2-619382517,S2-949886625,S3-532795614
S1-72989746	S2-282962270,S2-449998918,S2-587386027,S3-149929402,S3-366505461,S3-390223587,S3-677896761,S3-982851778
S1-729927785	S2-197665254,S2-273957209,S2-549632683,S2-596285863,S2-810066744,S3-385985528
S1-73168475	S3-303693579,S3-397484856,S3-716729172
S1-732007031	S2-248494295,S2-340122148,S2-523022303,S2-585485877,S2-603038286,S2-917620380,S3-323434,S3-603268871,S3-626574252,S3-668245815
S1-732374765	S2-365231183,S2-368999833,S2-42152792,S2-432404245,S3-144254332,S3-737811033
S1-732374884	S2-505869110,S3-170570738,S3-417724643,S3-444439714,S3-543136658,S3-807925532,S3-912730847
S1-732851376	S2-142214206,S2-345280040,S3-718688312
S1-732990906	S2-262831546,S3-167641348
S1-733820262	S2-167829165,S2-290814231,S2-386071901,S2-488365220,S2-498788704,S2-576683252,S2-587046319,S2-665838125,S2-691451325,S2-730364243,S2-772588835,S2-81620062,S2-861457905,S2-946111504,S3-129674186,S3-139533433,S3-265978659,S3-314962640,S3-510002439,S3-520456720,S3-680011950,S3-83193259,S3-984006176
S1-735069461	S2-357324073,S2-376955318,S2-459014958,S2-466961285,S2-547529112,S2-571270017,S2-790096858,S3-24219626,S3-244625167,S3-569159980,S3-651675581,S3-749499191,S3-859663067
S1-735091928	S2-32934787,S2-369619060,S2-603523399,S2-761903301,S3-718014061,S3-808918913
S1-735641642	S2-113247935,S3-284120488
S1-735736835	S2-189249026,S2-252341485,S3-84219371
S1-735946893	S2-120421472,S2-126286524,S2-968712214,S3-271294444,S3-890001755
S1-73600975	S3-856934585
S1-737490024	S2-113324643,S2-219975029,S2-267702262,S2-28609388,S2-310998533,S3-222818871,S3-746655898,S3-781230879,S3-959945847
S1-738342524	S2-739945858,S2-887688265,S3-418065420,S3-572078133
S1-738440426	S2-960712535
S1-738609535	S2-500657414,S2-555931223
S1-738791062	S2-367732714,S2-405701722,S3-186515439,S3-330626646,S3-460308135,S3-494738346
S1-738975518	S2-100424378,S2-383621721,S3-668468599,S3-979133954
S1-739911032	S2-177205200,S2-549795470,S2-730051632,S2-78688949,S2-903078010,S3-198677983,S3-781533663
S1-740007378	S2-101980728,S2-218140291,S2-323057329,S2-895486094,S3-121692680,S3-140682960
S1-740112235	S3-321097342
S1-740773940	S2-202026068,S2-584015419,S2-876334878,S3-920946783
S1-741036482	S2-58549845,S2-598069607,S2-777405885,S3-405416124,S3-926773100
S1-741112568	S2-186353410,S2-192633966,S2-206626649,S2-327947184,S2-41916354,S2-457913449,S2-536473549,S2-833086178,S2-863652241,S2-91682376,S3-170871077,S3-490654409,S3-619333991,S3-628526863,S3-666249558,S3-831930534,S3-87386578
S1-741660028	S2-587863383,S2-700494532,S2-733132225,S2-892428705,S3-353749592,S3-760782537
S1-74168598	S2-36819283,S2-679673898,S3-795617545
S1-742003339	S2-140405108,S2-153534977,S2-263582749,S2-631368663,S2-65388405,S3-164253728,S3-193554989,S3-415935756,S3-488806946,S3-996177784
S1-74217025	S2-99798178,S3-993873714
S1-742741871	S2-349470169,S3-279862732,S3-681931182,S3-725250242,S3-895859596
S1-743693583	S2-408337421,S2-542473264,S2-557128329,S2-557897708,S2-901930901,S3-568778183,S3-930479116
S1-744362525	S2-115832382,S2-336973244,S2-393075449,S2-738167445,S2-907655637,S2-955854217,S3-122847958,S3-189391239,S3-420719810,S3-458209826,S3-627610714,S3-824457505,S3-987847921
S1-744575298	S2-137713123,S2-332175651,S2-818433792,S3-190349033,S3-550864202,S3-745933369,S3-766248883
S1-744650117	S2-113887387,S3-242659692,S3-381906725,S3-687897663
S1-744892675	S2-23698160,S2-251123467,S2-484710947,S2-692095668,S2-716058337,S3-149502578,S3-161939858,S3-869452849
S1-745020892	S2-798981551
S1-745868890	S3-103315913
S1-746684756	S2-498269193,S3-533555585
S1-746725114	S2-50255698,S2-693429579,S2-783916081,S2-870634405,S3-48664208,S3-865986787
S1-747596285	
S1-747798224	S2-313654583,S2-604677233,S3-700052771
S1-747899689	S2-120659597,S2-449587055,S2-727318364,S2-857075340,S3-538809834,S3-687502740,S3-73243012,S3-812921590
S1-748397266	S2-25116058,S2-34353768,S2-700120093,S3-399373521
S1-748657465	S3-762016062
S1-749267113	S2-107040987,S2-828908046,S2-885157503,S3-758759198
S1-750136146	S2-454737373,S2-936251078,S3-540809616,S3-926617941
S1-750269876	S2-124290406,S2-324356212,S3-107280949,S3-284392515
S1-750424540	S2-101132876,S2-805588595
S1-750673097	S2-393475214,S2-414781095,S2-459348905,S3-591424926
S1-751483620	S2-268578086,S2-412569754,S2-57353084,S2-671587547,S2-75779270,S2-907650628,S3-165878742,S3-173070520,S3-577583587,S3-601215049,S3-868435987
S1-751705675	S2-512731019,S2-520463399,S3-468886214
S1-752578032	S2-407498197,S3-449608339,S3-781608563
S1-753075733	S3-912067629
S1-754628853	S2-748630688,S3-382103352,S3-708785012
S1-754991656	S2-611289763,S2-913059408,S3-251616056,S3-284346377,S3-482317921,S3-631475571,S3-992971424
S1-75503084	S2-298892137,S2-321014688,S2-767120590,S2-82053830,S3-360129314,S3-448069652,S3-547069874,S3-741432708,S3-779036736
S1-755669927	S3-437117593,S3-442343640,S3-812544529
S1-756011678	S2-711140199,S3-457119955
S1-756217427	S2-606845871,S3-194391487,S3-289387847
S1-75651192	S3-252936505,S3-305156495
S1-756703571	S2-506397977,S3-536478908,S3-681782302
S1-756781455	S2-11435,S2-557609209,S2-770218565,S3-22185772,S3-331957104,S3-647390818,S3-884436473
S1-757125339	S2-575427971,S2-580216907,S2-987314050,S3-154412073,S3-666423463,S3-977763929
S1-757874399	S2-156376298,S2-181370770,S2-230879976,S2-402218926,S2-469886104,S2-537029346,S2-592712143,S2-741143949,S3-140680706,S3-651951906,S3-876633871
S1-758270346	S2-435991922,S2-631115531,S3-282889418
S1-758953655	S2-85619751,S2-951102068
S1-759219771	S2-751475343,S3-146998270,S3-177034741,S3-435699459,S3-875808976
S1-759233256	S2-281983214,S2-598860758,S2-995792778
S1-759430857	S2-155542145,S2-215814288,S2-315501923,S2-359118713,S2-373362310,S2-435854364,S2-471670140,S2-539953239,S2-556331691,S2-615968375,S2-874352240,S2-911435615,S2-919394886,S3-180445801,S3-18438208,S3-201944566,S3-415774159,S3-51126832,S3-609144702,S3-612204536,S3-776647388
S1-759712876	S2-283636177,S2-852863523,S3-386862033
S1-760193451	S2-242850992,S2-584332204,S2-645332900,S3-246474225,S3-496304111,S3-553579805,S3-83210552
S1-760595824	S3-379928760,S3-399300647
S1-760990171	S2-461294268,S2-690753925,S3-192619899,S3-873581933
S1-761328752	S2-255370424,S2-380936165,S2-474400054,S2-584335982,S2-703161210,S2-804418145,S2-847435430,S2-869738505,S2-943673401,S3-232153076,S3-417086846,S3-616594560,S3-949928855
S1-761754832	S2-142013133,S2-409742990,S2-629131331,S2-932803046,S3-456717912,S3-51420050,S3-688579818,S3-98455668
S1-761816720	S3-135977675,S3-393086222,S3-808545800
S1-762191865	S2-379357741,S2-788413048,S3-252537218,S3-332705980,S3-357768753
S1-762436071	S2-66300563,S3-585748389,S3-60142491,S3-850699631
S1-762499037	S2-375947377,S2-503186588,S2-917951683,S3-404406645,S3-635466538
S1-762548751	S3-377345455,S3-454031469
S1-762615784	S2-412270792,S3-413934365,S3-444550319,S3-696480705
S1-763179636	S2-678257277,S3-675727436
S1-763402416	S2-462074308
S1-763604731	S2-41100501,S2-869777630,S3-23351347,S3-984439150
S1-765054622	S2-430185258,S2-786939643,S3-822203579
S1-765214755	S2-142916975,S2-219728287,S2-690874270,S3-311919009,S3-713798621
S1-76539613	S2-125452661,S2-329447946,S2-484423217,S2-524980817,S2-623391992,S2-918206888,S3-93174943
S1-765888353	S2-166731595
S1-766056227	S2-303414609,S2-322187255,S2-417088539,S3-168429677
S1-766105338	S2-206168198,S2-278797477,S2-349924258,S2-719771787,S2-784398029,S2-82318657,S2-83368916,S3-133366241,S3-135268849,S3-226853013,S3-482767383,S3-519853478,S3-592967042,S3-667500390,S3-675711530,S3-821233494,S3-894449600
S1-766224167	S2-441566552,S3-237794060,S3-444527320,S3-835375489
S1-766390050	S2-399273241,S3-1383804,S3-160355311,S3-239664999
S1-766500746	S2-360424107,S2-690653173,S2-839864395,S2-864666119,S3-256277188
S1-766805219	S2-269569883,S2-282871878,S3-13823846
S1-767155135	S2-511684940,S3-135486690
S1-767180983	S2-365670248,S2-411750557,S2-45545105,S2-53042628,S2-872685703,S3-821197137
S1-767891269	S2-236173604,S2-431021916,S2-604660951,S3-139212406,S3-297684070,S3-423177932,S3-824709415
S1-768144139	S2-745685232,S2-752731048
S1-76821557	S2-566241970,S3-418599990,S3-447765217,S3-86850100,S3-914558888
S1-768525405	S2-161668676,S2-466870792,S2-779534961,S2-995389667,S3-560328906,S3-947014654
S1-76858840	S2-14030583,S2-343788072,S2-463441947,S2-634419912,S2-927681983,S3-581401802,S3-692600393,S3-889356943,S3-890735211
S1-769375439	S2-216077374,S3-373810285,S3-76117567
S1-769478709	S2-674396283,S2-985589369,S3-497629909,S3-539410803,S3-758242871
S1-770273967	S2-246022324,S2-259390999,S3-607148636,S3-816881088
S1-772150173	S2-464830617,S2-802218945,S2-849794469,S3-331159528,S3-447911163
S1-7723729	S2-429209035,S3-272765222
S1-77306158	S2-723890421,S3-803550231,S3-897485979
S1-77352718	S2-304171163,S2-423801889,S3-648305844,S3-851864121
S1-773603870	S2-180202892,S3-214628053
S1-774307256	S2-352272693,S3-200105168
S1-774520755	S2-68114565,S3-211492724,S3-465403874
S1-77541292	S2-361342825,S2-44999749,S2-991065573
S1-775589959	S2-608152734,S2-934315970,S3-346394972,S3-366367827,S3-477300229,S3-53503048
S1-775995809	S2-843587261
S1-776211742	S2-248902730,S2-347000105,S2-449806500,S2-454020346,S2-679634487,S3-425683486,S3-62636059
S1-776305842	S2-24795198,S2-707086368
S1-776552941	S2-292274125,S2-858767238,S2-941897802,S3-524516051,S3-63633065
S1-776749911	S2-4529490,S2-589448545,S3-582452542
S1-776957997	S2-1935955,S2-259358218,S2-363607058,S2-507404889,S2-60159153,S2-723012053,S2-837366381,S2-869251264,S3-104171493,S3-172243581,S3-190542246,S3-250383882,S3-251583647,S3-32282610,S3-38068725,S3-391883257,S3-392779752,S3-468173142,S3-477022966,S3-501877088,S3-502277534,S3-544171913,S3-548199280,S3-558463301,S3-584282268,S3-607108516,S3-613911057,S3-637784220,S3-673261527,S3-684729638,S3-690845078,S3-691066009,S3-725287019,S3-730741110,S3-773630190,S3-808036318,S3-817114846,S3-824327699,S3-829352063,S3-883007352,S3-925863158,S3-972492694,S3-985167223
S1-777719794	S2-217886269,S2-811957575,S3-119106590,S3-16096997,S3-4612339,S3-595541858
S1-777960778	S2-349665062,S2-851975322,S2-874423243,S3-226546419,S3-471336784,S3-654810655,S3-752471166,S3-817960498
S1-779824844	S2-240204566,S3-348429204,S3-373993034,S3-925091006
S1-779877069	S2-159071399,S2-193354228,S2-412759500,S2-418239031,S2-83037223,S2-960388401,S3-535896468,S3-857127758,S3-877684323,S3-896525529
S1-780334164	S2-452204740,S2-471605461,S2-562092741,S3-152573633,S3-886508040
S1-780497967	S2-589247521,S3-304676890,S3-540469386,S3-580360521
S1-780638458	S2-180028584,S2-276521368,S2-306510083,S2-856293663,S2-897152872,S3-263747068
S1-780751012	S2-315244954,S2-593110658,S2-725177817,S2-741628504,S2-922212839,S3-235707598
S1-781553041	S2-155170726,S2-27683266,S2-327600750,S2-641797986,S2-684288309,S3-619606636
S1-782247799	S2-58146362,S3-341476182
S1-782423926	S2-149495295,S2-170436277,S2-275050815,S2-829687853,S2-856959382,S2-90237016,S3-229630239,S3-566174159,S3-603477540
S1-783170579	S2-895539618,S2-924938785,S3-291903858,S3-958800566
S1-783237268	S2-344406897,S2-533622209,S2-681556017,S3-293846611
S1-783443974	S2-149495295,S2-33044192,S2-524980817,S2-629093358,S2-642810454,S2-829687853,S2-839565072,S2-856959382
S1-784539478	S3-561324568,S3-791716187,S3-827630144
S1-784548279	S2-255276129,S2-548664230,S2-816733102,S2-96083279,S3-712607047,S3-725033205
S1-785130154	S2-501106931,S2-899143093,S2-996885265,S3-134125403,S3-134372863,S3-139466889,S3-188582449,S3-325643025
S1-785327273	S2-961366403,S3-638352986
S1-787074691	S2-653341240,S2-881415043,S3-261933899
S1-787146726	S2-379060143,S2-63895613
S1-787184699	S2-242184452,S3-11448298
S1-78795882	S2-555650066,S2-664994074,S2-873272961,S3-362366883,S3-444678577,S3-638959006
S1-788173110	S2-106873253,S2-120336473,S2-12491312,S2-131641546,S2-133400210,S2-134859990,S2-145965732,S2-155542145,S2-161958157,S2-165839990,S2-166704051,S2-171197198,S2-174422048,S2-182122788,S2-183749632,S2-200888854,S2-204682450,S2-204742663,S2-214889763,S2-215193704,S2-215814288,S2-216728480,S2-223426000,S2-227560513,S2-257161820,S2-259878524,S2-265643642,S2-294699978,S2-296474440,S2-298341239,S2-300137168,S2-303822688,S2-312295919,S2-313005567,S2-315301310,S2-325156267,S2-325279316,S2-33419167,S2-336729159,S2-337530403,S2-338986169,S2-343051226,S2-353387995,S2-356165559,S2-359118713,S2-366924707,S2-367038818,S2-373362310,S2-388434927,S2-38894581,S2-391796828,S2-399593262,S2-400132859,S2-405959468,S2-408871023,S2-412919511,S2-413246019,S2-420842425,S2-424114923,S2-427307144,S2-43008026,S2-433687850,S2-435854364,S2-43824315,S2-440579789,S2-450536495,S2-453188168,S2-455086001,S2-457586459,S2-46014483,S2-462338370,S2-464459176,S2-473396003,S2-4735407,S2-474738950,S2-47604384,S2-482750188,S2-484081223,S2-486544070,S2-486669991,S2-490777873,S2-503792831,S2-504954854,S2-508600912,S2-512319081,S2-524177982,S2-527470746,S2-535280372,S2-535948269,S2-539034342,S2-539953239,S2-546872393,S2-560072410,S2-560167906,S2-563054809,S2-565462089,S2-566495190,S2-566557047,S2-57339913,S2-573780201,S2-576704186,S2-581619463,S2-583561998,S2-590222088,S2-594368260,S2-604124239,S2-61570512,S2-615968375,S2-621957046,S2-62709696,S2-633750945,S2-634466562,S2-634596621,S2-637988708,S2-649240822,S2-660217968,S2-692329369,S2-707061251,S2-715443756,S2-716605032,S2-717079231,S2-72158227,S2-725748984,S2-731610758,S2-733414608,S2-739966258,S2-747949834,S2-749921911,S2-751975734,S2-752489539,S2-761058995,S2-761229407,S2-765185639,S2-789932976,S2-796291106,S2-798217782,S2-798264367,S2-798784547,S2-812516681,S2-816581314,S2-820663634,S2-823547225,S2-825111970,S2-829175635,S2-834992331,S2-838518106,S2-839847629,S2-841184930,S2-843515484,S2-843951069,S2-844139904,S2-848332818,S2-853136988,S2-864457884,S2-869854200,S2-871266650,S2-874352240,S2-874622618,S2-879224565,S2-884091284,S2-884788741,S2-892175071,S2-910454358,S2-911435615,S2-917802836,S2-919394886,S2-920027520,S2-921587871,S2-925664698,S2-927734185,S2-947231131,S2-947278826,S2-947408913,S2-949658430,S2-953900482,S2-954232034,S2-958150886,S2-960657663,S2-973124853,S2-973747859,S2-977194015,S2-979234242,S2-980951002,S2-984008141,S2-985276993,S2-996097614,S3-120502429,S3-121889211,S3-124327720,S3-128515999,S3-158981602,S3-180445801,S3-180986529,S3-18101426,S3-201316822,S3-206556562,S3-208077989,S3-226318932,S3-249317537,S3-253152212,S3-302614844,S3-31961236,S3-348558762,S3-356998661,S3-377129422,S3-419495997,S3-426287159,S3-467572009,S3-49181058,S3-510836594,S3-51126832,S3-528267893,S3-536497984,S3-544800239,S3-557809568,S3-565339266,S3-56844924,S3-604628886,S3-609144702,S3-656206703,S3-671881557,S3-716781640,S3-719468781,S3-721964436,S3-730043286,S3-752041131,S3-754072011,S3-760816136,S3-764685224,S3-784351863,S3-789324339,S3-802721688,S3-812163751,S3-836182317,S3-929796939,S3-939683531,S3-952200773,S3-953879173,S3-962725332,S3-991688186
S1-789270444	S2-124705392,S2-784398029,S3-547621175
S1-78939484	S2-949846109,S3-273807400,S3-43902659,S3-977773759
S1-789849338	S2-238218130,S2-275651368,S2-447628018,S2-803228810,S3-186391815,S3-287636818,S3-813093903
S1-78988524	S2-351554308,S3-135268849,S3-260838777
S1-789983716	S2-368959616,S2-82010527,S3-132753072,S3-145111403,S3-148575054
S1-790225634	S2-529252827,S2-802941097
S1-79065770	S2-142539430,S2-718669520,S2-782728894,S3-186022601,S3-259202588,S3-834978795
S1-791177433	S2-180968936,S2-497510878,S2-60380556,S3-645867143,S3-659553777,S3-932737009,S3-947688871,S3-951543411
S1-791454031	S2-215656868,S3-278834220,S3-303085683,S3-842360503,S3-866828649
S1-791668499	S2-209854321,S2-263402200,S2-981767153,S3-525876022,S3-729615519,S3-987461326
S1-791737059	S2-126063641,S2-267841936,S2-289687116,S2-444206531,S2-509096468,S2-52599506,S2-561873632,S2-671648823,S3-934938519
S1-792062501	S2-287870706,S3-506725400,S3-689079147,S3-879693264,S3-907417825
S1-792708867	S2-83131326,S2-948206140,S3-394623203,S3-862897230,S3-999707827
S1-792783639	S2-578169624,S2-742959784,S2-861679491,S2-875792518,S3-279360092,S3-292654631
S1-79311902	
S1-79348905	S2-855766852
S1-793918416	S2-16633776,S2-917583629,S2-920341316,S3-179159392,S3-245612191,S3-369040522,S3-390903564,S3-399313793,S3-464906471,S3-502277534,S3-548199280,S3-584282268,S3-61067900,S3-925863158,S3-967871667
S1-794939859	S2-105825202,S2-199301987,S2-649036726,S3-130391093
S1-795013082	S3-255663613,S3-434353263,S3-579255544
S1-796070257	S2-151984586,S2-160936180,S3-596494739,S3-908439307
S1-796252074	S2-524980817,S2-587291586,S2-839565072,S3-265862904,S3-374003179
S1-796466972	S2-432951518,S2-70469320
S1-796946770	S2-204257505,S2-242850992,S2-275490182,S2-555546270,S2-688977679,S2-745096966,S2-998916998,S3-259287814,S3-410188267,S3-600603015,S3-769706430,S3-898793052,S3-96092415
S1-797774718	S2-151469064,S2-843609440,S3-994706509
S1-797931480	S2-467354481,S2-56923250,S2-958588881,S3-240937386,S3-534754371,S3-560147143,S3-843874296
S1-798614243	S2-555310075,S2-657470970,S2-667767683,S3-126328628,S3-445342722,S3-484216970
S1-798655306	S2-388002845,S3-491391950,S3-744639590
S1-798690072	S2-459319221,S2-506044392,S2-51655671,S2-688202493,S3-119773285,S3-138811917,S3-242331124,S3-253825292,S3-316335562,S3-520627887,S3-7061024,S3-721813225,S3-840281286,S3-88817890
S1-798933660	S2-241203741,S2-62063780
S1-799007341	S2-127150109,S2-939272054,S3-553301350
S1-79909809	S2-135529128,S2-248708078,S2-440797169,S2-552780715,S2-989583057,S3-19728636,S3-220565580,S3-354397913,S3-705071780
S1-799107288	S2-850799696,S3-108204729
S1-800049647	S2-769161515,S3-409817664
S1-80041039	S2-269585029,S2-647689325,S3-229211341,S3-469350593,S3-714154269
S1-800603156	S2-399549618,S2-966884764,S3-722938814
S1-800751486	S2-103065548,S2-858880165,S3-704620259,S3-733371580
S1-801681033	S2-972506404,S3-125324430,S3-388452275,S3-580165087
S1-802066128	S2-197337973,S2-202649592,S2-727800358,S2-985038035,S3-184557590
S1-802089450	S2-490936431,S2-570742186,S3-160705589,S3-186978954,S3-586367464,S3-86512359
S1-802545478	S2-293784177,S2-312633981,S2-557395397,S3-5296744
S1-803997391	S2-563984107,S2-863969414,S3-166159795
S1-804012906	S2-606022044,S2-987241694,S3-883758289
S1-804186194	S2-246866867,S2-35062317,S2-368547902,S2-445324101,S2-902883673
S1-805330097	S2-303786154,S3-211175219,S3-946922397
S1-805566251	S2-111890940
S1-805626307	S2-311789399,S2-608681954,S2-615640187,S2-777341211,S3-197752656,S3-848402294
S1-806470281	S2-267895106,S3-130281158,S3-495111388,S3-989465290
S1-807302006	S2-141060787,S2-201781219,S2-33044192,S2-52322856,S2-524980817,S2-629093358,S2-642810454,S2-669459141,S2-68398475,S2-839565072,S2-839627752,S2-937334975,S2-983837825,S3-442076185
S1-807488484	S2-340498806,S2-486647713,S2-90900364,S3-367523488,S3-788893848
S1-807835842	S2-153689866,S2-341252814,S2-348006582,S2-359729136,S2-388397182,S2-500767539,S2-563648251,S2-661208729,S2-669358163,S2-777405885,S2-797678212,S2-828559977,S2-966861698,S2-991011057,S3-189420831,S3-306585942,S3-314366926,S3-363500733,S3-408456846,S3-693189409,S3-793661320
S1-808032311	S3-139393345,S3-68505715,S3-898108241
S1-808539278	S2-50876630,S2-580818734,S3-164040587,S3-649548176,S3-713578604,S3-745223731,S3-967557677,S3-971956598
S1-808684603	S2-248494295,S2-523022303,S2-585485877,S3-19315053,S3-239303458,S3-603268871,S3-668245815
S1-8093191	S2-37898748,S3-529055240,S3-567804226,S3-598267847,S3-88796211
S1-809445753	S2-264393016,S3-104428485,S3-436227548,S3-616753663,S3-792123472,S3-880797128,S3-997281934
S1-80982124	S2-163575357,S3-943277597,S3-98303149
S1-810267703	S2-232622137,S2-297918918,S2-429800765,S3-285154485,S3-421263083,S3-643297940,S3-878608685
S1-81109381	S2-143111512,S2-154146518,S2-569411635,S3-598733061,S3-802830220,S3-871248302,S3-980494335
S1-811501283	S2-112160299,S2-182282325,S2-326460571,S2-336710848,S2-35554040,S2-393794248,S2-394390305,S2-423709852,S2-442290654,S2-454110857,S2-512059400,S2-535152169,S2-536569453,S2-555008182,S2-560640973,S2-573097389,S2-592887725,S2-626711432,S2-6370899,S2-650536091,S2-740236485,S2-756437261,S2-757500657,S2-762552526,S2-773205318,S2-807302533,S2-813048361,S2-825556124,S2-835692087,S2-845304696,S2-856996028,S3-300919578,S3-309993071,S3-354892567,S3-397745064,S3-484828089,S3-495938269,S3-594491381,S3-615890284,S3-648759812,S3-722035209,S3-833196880,S3-840047870,S3-970260854,S3-991173961
S1-81161093	S2-253173086,S3-286912785,S3-350515946,S3-537569421,S3-541423299
S1-81220873	S2-38401746,S2-439504571,S2-59468027,S3-226214353,S3-550903235,S3-79190931
S1-812471256	S2-13865536,S2-517547891,S3-605158390,S3-823407199
S1-81251890	S2-416149707,S2-652920066,S3-479190483
S1-813568198	S2-400347435,S2-610676433,S2-909523423,S2-911167472,S2-94171558,S3-211345381,S3-239213351,S3-370436292,S3-410678088,S3-425737483,S3-532921905,S3-566096098,S3-797873658,S3-833015967,S3-917311936
S1-814260472	S2-545917743,S2-738370156,S3-101483686,S3-155117161,S3-20208690,S3-343726429,S3-567113922,S3-707158241
S1-814990508	S2-190568206,S2-782239430,S3-541753516
S1-815771805	S2-440814763,S2-605875167,S3-970693438
S1-815773786	S2-109985954,S2-159517312,S2-191554899,S2-33811665,S2-604473031,S2-859479998
S1-815873246	S2-835850178,S2-843923802,S2-864167926,S3-388767517,S3-890469539
S1-815940846	S2-664418838,S2-861526276,S3-211462225,S3-417379010
S1-816124055	S2-236447160,S3-157881052
S1-816720987	S3-163945241,S3-168427510
S1-817555708	S2-10564240,S2-234016597,S2-79334571,S2-820035505,S2-88271549,S3-157004379,S3-241800401
S1-817703731	S2-1661398,S2-769228553,S3-322527882,S3-500128210,S3-515080281,S3-700944046
S1-818370427	S2-510167619,S3-125234988,S3-799708575
S1-818610163	S2-148749882,S2-200538849,S2-347799632,S2-621478407,S2-743312826,S3-114597322,S3-303578916,S3-361292125,S3-772966627,S3-795804421,S3-893158330
S1-81883364	S2-33419547,S2-872817508,S3-367095729,S3-717770350,S3-83454763
S1-819367101	S2-363857792,S2-928791747,S2-929136506
S1-820309966	S2-226551598,S2-429263001,S2-628054930,S2-903844674,S2-906036057,S3-151749278,S3-544190317,S3-819343501
S1-820313476	S2-930418813,S3-28533755,S3-453050211,S3-955758063
S1-820737249	S2-16446612,S2-179082589,S2-277138715,S2-405760424,S2-579357908,S3-198152480,S3-661233762,S3-77268553,S3-857796941
S1-820943601	S2-318954767,S2-501106931,S2-692235027,S2-796777445,S3-188582449
S1-822213151	S2-612746724,S2-973885862,S3-23894416,S3-427154012
S1-822283866	S2-143056184,S2-931075577,S3-330111443
S1-822791793	S2-46602328,S3-920139442
S1-823462003	S2-204608862,S3-596795024,S3-613780440,S3-745761661
S1-824854577	S2-180921778,S2-722488241,S2-885480343,S2-944930794,S3-877608440,S3-975072377
S1-826627243	
S1-827674193	S2-55592695,S2-74327344,S3-495162603,S3-501751874
S1-827974420	S2-328161812,S2-485231272,S2-669864957,S2-816326963,S3-519793732,S3-551230208
S1-828992321	S2-446288013,S2-550900279,S3-867650697,S3-986526185
S1-829150577	S2-4473083,S2-553579176,S2-837132400,S3-355271614,S3-448069652,S3-547069874,S3-92063974
S1-829291976	S2-777663156,S3-267560269,S3-54580720,S3-998367614
S1-829436096	S2-187920155,S2-579689876,S2-9570307,S3-498874209,S3-537703858,S3-692025850,S3-87604725,S3-97078324
S1-829601330	S2-308624381,S2-392366495,S2-497984717,S2-59410119,S2-665255706,S2-855988860,S2-936744285,S2-979958092,S3-553158247,S3-822249303
S1-829723080	S3-540992175,S3-840884199
S1-830116571	S2-165536198,S2-213637376,S2-232791885,S2-607364580,S2-843100491,S3-416475349,S3-433073306,S3-456004019,S3-655872136,S3-70296666
S1-830282204	S2-178071790
S1-830864109	S2-176973871,S2-217491241,S2-624727711,S2-777416672,S3-152830660,S3-159746326,S3-579181026,S3-707176091
S1-830990940	S2-359120959,S2-906193269,S3-172376327,S3-199820537,S3-202422753,S3-290364687,S3-434267564,S3-445005571,S3-453651398,S3-809152938,S3-92762652
S1-831468920	S2-803900187,S3-366828736,S3-392345357,S3-612396653,S3-763607487
S1-831913697	S2-190074510,S2-992872015,S3-134834989,S3-366820444
S1-832157141	S2-241284600,S2-983606879
S1-832235928	S2-567415012,S2-67992885,S3-208730742,S3-498937870,S3-616451026
S1-832684923	S2-387477097,S2-464677033,S2-713836549,S3-314068651,S3-513826602,S3-673858672,S3-70006603
S1-833145835	S2-171653904,S2-211074522,S2-434982473,S2-588931427,S2-843273195,S3-149448310,S3-200963613,S3-293335665,S3-311876884,S3-335003414,S3-347611455,S3-449044202,S3-645758444,S3-664739147,S3-692444348,S3-86574447,S3-956173950,S3-985712561
S1-833673416	S2-481736808,S2-899637349,S3-232585516,S3-263340876,S3-471017053,S3-663590988
S1-833767754	S2-35131890,S3-343516864,S3-547087413,S3-737783174,S3-772081186
S1-834950343	S2-111318833,S2-119959444,S2-204682450,S2-248557358,S2-42546172,S2-543560662,S2-616800007,S2-698015041,S2-874622618,S2-920310353,S2-953663424,S2-963453865,S3-151966681,S3-170668977,S3-174960664,S3-317276433,S3-922379767
S1-835190749	S2-12459569,S2-618666926,S2-963082790,S3-576078135,S3-767474595
S1-835645525	S2-723529861,S2-99434895,S3-86563109
S1-835652654	S2-17644887,S2-698233655,S2-753572541,S3-378036986,S3-649920384,S3-969934491
S1-836184494	S2-113387862,S2-306245468,S2-608791989,S2-767952096,S2-78357598,S2-834634969,S2-903630239,S3-317619596,S3-56143484
S1-836322564	S2-58562114,S2-992806907,S3-207494264,S3-435841519
S1-8363423	S2-308066088,S2-807645792,S3-831728666
S1-837542041	S2-128199147,S2-800568759,S2-835758891,S3-33069042,S3-368132362,S3-812456709,S3-889809497,S3-895303811
S1-837759376	S2-223106976,S2-316983964,S2-375075773,S3-184516172,S3-194441545,S3-760783884,S3-831429465,S3-930637830
S1-837821735	S2-742250227,S2-742845752,S2-80620896,S3-157227155,S3-328239139,S3-377325497
S1-838038830	S2-491808857,S2-569099647,S3-255411808,S3-260412616,S3-274384405
S1-838610367	S2-663093980,S2-721958080,S3-70948765,S3-978069899
S1-838775405	S2-437763342,S2-691451325,S2-873593900,S3-724512543,S3-778030768
S1-839353441	S2-1390066,S2-155705046,S2-748382676,S3-147558962,S3-186906465,S3-242655508,S3-246928324,S3-771319751,S3-918417675
S1-839578339	S2-351065489,S2-615293179,S2-960305198,S3-98303149
S1-83964238	S2-241153373,S3-662433717
S1-840617249	S2-983396535,S3-990562059
S1-84092538	S2-737503357,S3-325386031,S3-749297706,S3-925819174,S3-98501120
S1-841275752	S2-262830118,S2-2948604,S2-391688708,S3-43374200,S3-467197335,S3-99481032,S3-995410713
S1-841483054	S2-340262470,S3-318506644
S1-84164853	S2-191779490,S2-711516090,S3-139451507,S3-287113188,S3-895069710
S1-841968366	S2-360573403,S2-447699783,S2-776864035,S3-230401837,S3-293979870,S3-314729283,S3-334586676,S3-477012460,S3-752119427,S3-972005269
S1-843897135	S2-649007879,S3-170187121,S3-405942733,S3-495104565,S3-718681363
S1-844992507	S2-17971984,S2-48660335,S2-749571642,S3-456844399,S3-89651089
S1-845159295	S2-258688039,S2-355544346,S2-476150889,S2-519870111,S2-742021505,S3-392339000,S3-485972515,S3-666060879,S3-678079849,S3-839750296,S3-913516564,S3-95983211
S1-845377062	S2-467006693,S2-896670105,S3-492756483,S3-584087279
S1-846399783	S2-411319667,S3-467852072,S3-593800306
S1-848725980	
S1-849155144	S2-163999517
S1-849543699	S2-136331598,S2-293761796,S2-323463218,S2-570997440,S2-657659083,S2-74282617,S2-999584265,S3-136241923,S3-379487287,S3-493852887,S3-551410993,S3-794991080,S3-923593360
S1-849958134	S2-33046712,S2-787345580,S3-79177468
S1-850177390	S2-234625796,S2-268697395,S2-772671744,S3-43208757,S3-796836015
S1-850199420	S2-762757508,S3-611450804
S1-85054675	S2-37456627,S2-506193365,S2-555334126,S2-763096679,S2-791003579,S2-799736809,S2-831104921,S2-883100563,S3-604659453
S1-850999737	
S1-85186896	S2-288500561,S2-525993968,S3-794163860,S3-936506280
S1-852145137	S2-182282325,S2-19110677,S2-326460571,S2-336710848,S2-35554040,S2-393794248,S2-394390305,S2-419863279,S2-423709852,S2-454110857,S2-512059400,S2-535152169,S2-541814074,S2-546054953,S2-560640973,S2-573097389,S2-573193922,S2-626711432,S2-6370899,S2-644542231,S2-650536091,S2-757500657,S2-762552526,S2-773205318,S2-781376665,S2-807302533,S2-825556124,S2-835692087,S2-845304696,S2-86233982,S2-996093838,S3-110122286,S3-143188136,S3-155496030,S3-200529141,S3-270235820,S3-309993071,S3-330811710,S3-354510737,S3-378297517,S3-431183124,S3-452258301,S3-495938269,S3-52050245,S3-573389967,S3-580899591,S3-592128417,S3-648759812,S3-814321154,S3-840047870,S3-965268423
S1-852840116	S2-870084872,S2-974673776,S3-71193728,S3-910786125
S1-853050504	S2-152366606,S2-166953975,S2-264937556,S2-577986514,S2-850704619,S2-854867872,S2-929333429,S3-306998959,S3-351732894,S3-395901008,S3-408987529,S3-430997878,S3-459512791,S3-511942940,S3-561998225,S3-586483194,S3-716147816,S3-857069806,S3-941884224,S3-965486297
S1-853779370	S2-255370424,S2-342101031,S2-380936165,S2-584335982,S2-703161210,S2-804418145,S2-847435430,S2-900122820,S2-943673401,S3-156158207,S3-203925875,S3-232153076,S3-241912170,S3-311873041,S3-357899115,S3-381838959,S3-386182661,S3-47248793,S3-736700276,S3-737070823,S3-860260824,S3-949928855,S3-972530364
S1-85448089	S2-213387019,S2-220440977,S2-232680631,S2-325947595,S2-380582076,S2-576765768,S2-820250366,S2-859529249,S2-968229319,S3-183345394,S3-417807669,S3-696400820,S3-860337306
S1-854600583	S2-125255351,S2-177617743,S2-244093673,S2-857384405,S3-812122435
S1-85478968	S2-491128448,S2-589886262,S2-611052148,S2-72516972,S2-888664329,S2-921615624,S3-683228659
S1-854973920	S2-102696176,S2-368959616,S2-400075636,S2-507209028,S2-602387618,S2-651540827,S2-90237016,S3-148575054,S3-246390330,S3-852759180
S1-855170340	S2-824750411,S3-357249045,S3-442522996,S3-846668019,S3-947780902
S1-85612284	S2-338961033,S2-828147945
S1-85617707	S2-517104162,S3-438164874,S3-57923791,S3-726019643
S1-856283073	S2-147360896,S2-149682379,S2-451160286,S2-460330204,S2-751922404,S2-783423076,S3-588870858,S3-934962651
S1-858112592	S2-485253778,S2-755742361,S3-322104090,S3-525751309,S3-653746323
S1-858704104	S2-392326363,S2-477695106,S2-635410345,S2-894605892,S3-972592615,S3-991963910
S1-858750743	S2-274098509,S2-342954833,S2-747421506,S2-958206033,S3-116779508,S3-234311938,S3-261059356,S3-26946919,S3-291067615,S3-347919774,S3-361600237,S3-362806086,S3-414288615,S3-485872469,S3-504931169,S3-51217466,S3-524358428,S3-676878467,S3-697531401,S3-80816506,S3-885258639
S1-858856995	S2-358019932,S2-487214315,S2-863364933,S2-928965703,S3-424003421
S1-859067655	S3-882902543,S3-936608747
S1-859391813	S2-332334976,S3-259530248,S3-551817538,S3-575174392
S1-859830922	S2-731720613,S2-768510139,S3-397702521,S3-444622674,S3-901052065
S1-859978210	S2-120871036,S2-273968073,S2-705523254,S2-880849698,S3-578868731
S1-860899341	S2-414221190,S2-926450946,S3-141247909,S3-6928643
S1-860990724	S2-963912635,S3-349722293
S1-861109728	S2-329907024,S2-341252814,S2-388397182,S2-552696559,S2-563648251,S2-661208729,S2-669358163,S2-720472883,S2-828559977,S2-850861897,S2-96015053,S2-98234660,S2-991011057,S2-992442827,S3-119080101,S3-23894416,S3-416698127,S3-51260644,S3-687492653,S3-793661320,S3-915149355
S1-861192805	S2-874399225,S3-677172988
S1-861280824	S2-41664145,S2-669534999,S3-164908381,S3-814537453
S1-861350543	S2-138931165,S3-181711233,S3-537929987,S3-730344938
S1-86266827	S2-178759326,S2-657575654,S2-768263019,S2-885849072,S3-214216583,S3-273999350,S3-358869473,S3-539064169,S3-560492006,S3-571852962,S3-578135361,S3-595294463,S3-703817183,S3-772104527,S3-878006604
S1-863025141	S2-120336473,S2-131641546,S2-145965732,S2-161958157,S2-165839990,S2-169050415,S2-174422048,S2-182122788,S2-200888854,S2-204682450,S2-204742663,S2-215193704,S2-215814288,S2-259878524,S2-298561658,S2-303822688,S2-325156267,S2-325279316,S2-338986169,S2-343051226,S2-420842425,S2-427307144,S2-435854364,S2-43824315,S2-440579789,S2-455086001,S2-457586459,S2-4735407,S2-508600912,S2-512319081,S2-535280372,S2-560167906,S2-563054809,S2-590222088,S2-615968375,S2-621957046,S2-633750945,S2-634466562,S2-649240822,S2-712885947,S2-715443756,S2-716605032,S2-717079231,S2-725748984,S2-731610758,S2-747949834,S2-751975734,S2-761229407,S2-765185639,S2-80429049,S2-816581314,S2-853136988,S2-871266650,S2-892175071,S2-910454358,S2-925664698,S2-927734185,S3-128515999,S3-136218983,S3-158981602,S3-180445801,S3-356998661,S3-419495997,S3-446250007,S3-467572009,S3-51126832,S3-528267893,S3-604628886,S3-609144702,S3-789324339,S3-812163751,S3-991528256
S1-863322702	S2-131641546,S2-204682450,S2-215814288,S2-303822688,S2-427307144,S2-615968375,S2-621957046,S2-633750945,S2-649240822,S2-717079231,S2-910454358,S2-98521551,S3-392513028,S3-604628886,S3-985262589
S1-863356564	S2-675375812
S1-863367422	S2-336024415,S3-608574390,S3-845371691,S3-904875932
S1-864330163	S2-549343042,S2-903773470,S3-404533318,S3-568439668,S3-661823203
S1-864378680	S2-450258177,S3-313536398
S1-864432243	S2-199024532,S2-354240838,S2-807879938,S3-239793784
S1-86505350	S2-137478964,S2-17898239,S2-485919723,S2-597724137,S2-820939646,S2-961978414,S3-190574300,S3-414013230,S3-486642737,S3-574233378,S3-679004696,S3-783364501,S3-869723131,S3-985262589
S1-865291066	S2-197337973,S2-275005288,S3-323123439,S3-609518047,S3-943368706
S1-865786359	S2-227437167,S2-568974842,S2-720758199,S2-793958704,S2-816400489,S2-912109985,S3-260241635,S3-493691510,S3-505741563,S3-638017097,S3-814337744
S1-865968474	S2-11976805,S2-3273281,S2-345246697,S2-46963561,S2-526218969,S2-735577906,S2-750594241,S2-801509414,S2-92758684,S3-229729206
S1-866127638	S2-104074397,S2-20971571,S2-59791488,S2-622172327,S3-634101044
S1-866555515	S3-711312188
S1-866695102	S2-645235189,S3-82308391,S3-890756215
S1-868540007	S2-549116951,S2-606217514,S2-66462551,S2-87218332,S3-131389958,S3-275062131,S3-707684023
S1-869119782	S2-205850537,S2-6104655,S3-380435766
S1-869925058	S2-441120673,S2-529311118,S3-351429941,S3-995752941
S1-870334409	S2-306932669,S2-763537866,S3-99513876
S1-870627432	S2-504429730,S3-349059722
S1-870826773	S2-448620241,S3-269223098,S3-332732979,S3-364961556,S3-769936823
S1-870827144	S2-384177942,S3-429653381,S3-755651826
S1-872286983	S2-807570919,S2-88864336,S3-505598253
S1-872455454	S3-218400707,S3-888901036
S1-872474399	S2-108686053,S2-502189206,S3-108681442,S3-589712170
S1-87252645	S2-20197112,S2-83209191,S3-349880060,S3-705735361
S1-872632176	S3-239280409,S3-283350339,S3-450473397,S3-463455267
S1-873184948	S2-134965761,S2-813605404,S2-859045081,S2-87584172,S3-328410609,S3-835848015
S1-873493946	S2-760832811,S3-36140621
S1-873495058	S2-11659098,S2-507627136,S2-627191362,S2-807302533,S3-350076791,S3-879740661
S1-873511399	S2-281976678,S2-327600750,S2-481916263,S2-563378805,S3-260309364,S3-730166206,S3-799747614,S3-946343409
S1-874469872	S2-53734547,S2-754124588,S3-191981404,S3-249914777,S3-444430739,S3-666019997,S3-969010408
S1-874951354	S2-18266794,S2-701190666,S3-331020357,S3-582418448,S3-858026652,S3-880970349,S3-922626468
S1-875171510	S2-317735885,S2-721693258,S3-497052583,S3-559838132,S3-687447915,S3-989942596
S1-87539810	S2-197434608,S2-37456627,S2-491404696,S2-506193365,S2-621478407,S2-75277626,S2-799736809,S2-831104921,S2-853348557,S2-883100563,S2-884603825,S2-895785554,S2-901933207,S3-159137142,S3-170950757,S3-313476633,S3-465155369,S3-603273867
S1-875578999	S2-430825761,S2-721468972,S2-745926940,S3-102888628,S3-395824858,S3-555474859,S3-612802419,S3-841947151
S1-875971588	S2-186541668,S2-451160286,S2-751922404,S3-251849071,S3-417670545,S3-759235492
S1-876328780	S2-418121575,S2-517038119,S3-256093621,S3-612691510,S3-903387912
S1-877042064	S2-672478738,S2-720472883,S2-96015053,S3-227543133,S3-479071682
S1-877197189	S2-244537562,S2-328982463,S2-693826016,S3-973144174
S1-877530500	
S1-878393641	S2-23540421,S2-253649621,S2-317930744,S2-367982353,S2-431668184,S2-440549681,S2-523827512,S2-591915874,S2-59664975,S2-657442401,S2-775681082,S2-87561880,S2-98828743,S3-880172685
S1-878542817	S2-493056942,S2-845273275,S3-129609372,S3-499114947,S3-587999538,S3-638482003,S3-811589032
S1-878637515	S2-17611543,S2-261173769,S2-515116889,S2-54253714,S2-745265427,S2-998561065,S3-450166287,S3-910324574,S3-946783384
S1-879634724	S2-385300725,S2-390137890,S2-404883036,S2-835961754,S3-86221974,S3-931216800,S3-939791573
S1-880131715	S3-615890284
S1-880210123	S2-244987771,S3-401930322,S3-813964683
S1-880270517	S2-343932935,S2-455652264,S2-509749228,S2-878452876,S3-455517696
S1-880584548	S2-56539626,S2-769726820,S3-128573392
S1-880695484	S2-87313147,S2-962673011,S3-34266845,S3-826648454,S3-900318394
S1-881678113	S2-185165823,S2-195191008,S2-589639655,S2-604491668,S2-734111413,S2-794412891,S2-798777460,S2-880146032,S2-92748803,S3-129154956,S3-194811376,S3-20630611,S3-271040318,S3-499007061,S3-5130339,S3-576210005,S3-845727465
S1-882738333	S2-969512106,S3-163396996
S1-883242088	S2-604849314
S1-883458833	S2-313101240,S2-407697971,S2-692165762,S2-709348523,S3-346285023
S1-884091462	S2-258594060,S2-291663438,S2-307364362,S2-68398475,S2-727530092,S2-793527584,S2-836428321,S2-882419871,S2-983837825,S3-128667033,S3-16130388,S3-183722238,S3-491301635,S3-597778423,S3-70857949,S3-831513657,S3-896458188
S1-884116569	S2-610327087,S2-620597300,S2-968879793,S3-706863831,S3-85341972,S3-975879154
S1-885082275	S3-267207424
S1-88528946	S2-69199286,S2-961730887,S3-196071987
S1-885613758	S3-252936505,S3-891768955
S1-885693586	S2-33295207,S2-775529425,S3-723794075
S1-886488950	S2-215361123,S2-241829327,S2-514255523,S2-555201046,S2-7062380,S3-465185414,S3-874576464
S1-887193215	S2-123001655,S2-261258994,S2-584832454,S2-66239276,S2-672179202,S2-67246171,S3-452078447,S3-617214170,S3-732665051,S3-749935247
S1-887329909	S3-17100693,S3-518051304,S3-559624455
S1-887330773	S2-21519551,S2-245265217,S2-50915233,S2-632441153,S3-632478190,S3-729214375
S1-88847491	S2-303860049,S2-588028569,S2-711309481,S3-353236192,S3-438882077,S3-533769679,S3-760816136,S3-815190806
S1-889811311	S2-397373419,S2-86574923,S3-53124527
S1-889837230	S2-147992527,S2-627836451,S3-176303336
S1-890597401	
S1-89086614	S2-256755887,S2-588872212,S3-247091246
S1-891632161	S3-454580123
S1-891676475	S3-627043514,S3-843838204
S1-891768544	S2-110142225,S2-140956663,S2-449421220,S2-554506939,S2-843642494,S3-552875438,S3-765982420,S3-918803559
S1-892308754	S2-203398796,S2-311236982,S3-229796430,S3-43422975
S1-892459679	S2-187179635,S2-818682179
S1-892536064	S2-338007293,S2-609381956,S2-905378417
S1-892636549	S2-557844878,S2-790756095,S2-802669216,S3-124729754
S1-894242013	S2-556495352,S3-705889035,S3-972122235
S1-89481048	S2-196253826,S2-512062356,S2-590669928,S2-637791779,S3-305179892,S3-425205257,S3-639532825,S3-711410478,S3-883160294
S1-895266962	S2-952723326,S3-158270691,S3-505971403
S1-89545333	S2-471743935,S3-300321894,S3-499959015,S3-846148960
S1-895694690	S3-129674186,S3-243605365,S3-507249714,S3-695264566,S3-808036318
S1-897032402	S2-119959444,S2-204682450,S2-486627040,S2-487624450,S2-616800007,S2-737316263,S2-851080744,S2-920310353,S2-953663424,S3-39651561,S3-705433982
S1-897162670	S2-465091245,S2-689645730,S2-69199286,S2-806859109,S3-558951159
S1-898275374	S2-283523545,S2-438932275,S2-614411468,S2-723312313,S2-840825782,S3-5644729
S1-898343199	S2-862163406,S2-931601867,S3-266897815
S1-898667491	S2-709072776,S3-627661285
S1-898699979	S2-16633776,S2-20373993,S2-346064144,S2-995645976,S3-161751482,S3-179159392,S3-205561383,S3-277172448,S3-320052429,S3-550052523
S1-898791058	S2-237571156,S2-357188721,S2-548307340,S2-624714754,S2-984996408,S3-497719517,S3-695099886
S1-899826806	S2-11976805,S2-16767780,S2-257378116,S2-264522226,S2-345246697,S2-368962949,S2-396312107,S2-48543925,S2-558160267,S2-667908652,S2-750594241,S2-834371692,S2-870382015,S2-876951696,S2-885375432,S2-894765413,S2-946470401,S2-95242395,S3-121105013,S3-265959422,S3-400383706,S3-865593574,S3-909815760
S1-899990336	S2-153078945,S2-316883100,S2-448717479,S3-277095861,S3-329422535
S1-900121561	S2-552287817,S3-282037603,S3-454178825
S1-900250986	S2-425901269,S2-794847205,S2-882419871,S2-929883513,S3-439429498,S3-997857573
S1-900323032	S2-37329045
S1-900472736	S2-591604636,S2-669375365,S2-686732504,S3-118822193,S3-212352712,S3-218352162,S3-248588155,S3-445201942,S3-458716733,S3-469091286
S1-900887523	S2-241153373,S2-380936165,S2-38220478,S3-653796032
S1-901555211	S2-840787454,S3-613548153
S1-901811881	S3-848688762
S1-90181809	S2-193978912,S2-506259490,S2-613808373,S2-855631053,S2-880849698,S3-49024099,S3-668876246,S3-752238930,S3-77260886,S3-851291426,S3-943022251
S1-902002553	S2-148849701,S2-48485736,S2-563856920,S2-576188649,S2-848151427,S3-600502038,S3-622224246,S3-897291467
S1-902018292	S2-486632435,S2-913727509,S3-156386206,S3-653119815
S1-902387642	S2-112895225,S2-257611225,S2-274654578,S2-510839341,S3-186436830,S3-19381088,S3-367696080,S3-73043259
S1-904061827	S2-822728221,S3-408926835
S1-904762498	S2-138417510,S2-18656006,S2-476803795,S3-260543665
S1-90500381	S2-105336046,S2-145541095,S2-146168155,S2-154956498,S2-178436879,S2-185848061,S2-228110241,S2-320249427,S2-341158802,S2-351007231,S2-409768810,S2-462284578,S2-463917274,S2-489235727,S2-501988747,S2-504942597,S2-553074112,S2-554506939,S2-554964127,S2-555350610,S2-599230042,S2-863921089,S2-915595556,S2-933935042,S2-936409038,S3-399802954,S3-534125886,S3-864693765
S1-9052517	S2-669169344,S2-804729417,S2-919151745,S3-204661527
S1-905533273	S2-316201794,S2-357415601,S2-721266708,S3-208556964,S3-407178114,S3-465592404,S3-807328948
S1-905716868	S2-34947910,S2-624584232,S3-135663844,S3-386027783,S3-558905504,S3-75827917
S1-905869722	S2-128083635,S2-228533173,S2-272451550,S2-758884988,S2-798355890,S3-142541492,S3-532930423,S3-774353943,S3-870625256
S1-906815673	S2-431459709,S2-530649869,S3-331028691,S3-738877489
S1-9070267	S2-137153167,S2-229815432,S3-620547824
S1-907416952	S2-118137720,S2-391654399,S2-454371165,S2-469593559,S3-181003009,S3-308936294
S1-908256901	S2-413899017,S2-91390748,S3-233304930,S3-520332131
S1-909618947	S2-906551646,S3-154996264,S3-741896739,S3-808036318,S3-962314908
S1-909840395	S2-793889051,S3-238316653
S1-910010120	S2-187503290,S2-271504347,S2-290812153,S2-539247320,S2-60946533,S2-640829410,S3-191132686,S3-304646417,S3-359954282,S3-734315442,S3-96205496
S1-910750899	S2-204682450,S2-341333898,S3-325643025,S3-802863934
S1-911472207	S2-537152910,S2-732665662,S2-816181079,S2-839194183,S2-868201372,S3-913344228
S1-912577368	S2-421261046,S2-858109089,S2-918947690,S2-970380740,S3-486910320,S3-627030749,S3-845838110,S3-868063518
S1-913422212	S3-286027327
S1-91368824	S2-31193725,S2-978570220,S3-892544913
S1-915405396	S2-193436100,S2-255596411,S3-484263356,S3-714238568,S3-943866328
S1-915491018	S2-376250352,S3-216642465,S3-353131590,S3-551013180,S3-819035103
S1-915594173	S2-296126794,S3-483103563
S1-91583802	S2-264704542,S2-8446210,S3-442465329
S1-916310078	S2-512402144,S3-330783702,S3-945593603
S1-916518916	S2-131363428,S2-249545557,S2-354943654,S2-623233380,S2-798193144,S3-156820013,S3-405392309,S3-52336918,S3-527819271
S1-916593347	S2-437662369,S2-504255036,S2-582246470,S2-586275790,S2-825842106,S3-161645995
S1-916926941	S2-194493611,S2-333112042,S2-520585904,S2-53442707,S3-104178756,S3-480892438
S1-917750987	S2-160136328,S2-239141469,S2-327600750,S2-471539165,S2-478772045,S2-623135430,S2-690153191,S2-842637137,S2-898663411,S3-586554950,S3-631128182,S3-916504521
S1-918282349	S2-293750367,S2-94233596,S3-196850571,S3-360223350,S3-797795083,S3-826112250
S1-918442913	S2-274967138,S2-319975563,S2-370649360,S2-429327438,S3-217582657,S3-452111215,S3-653728162,S3-773497335,S3-823713418,S3-887271597
S1-920485832	S2-356270016,S2-410987681,S2-926320111,S3-321970352,S3-351603035,S3-429370376,S3-779596227
S1-921163385	S2-4799862,S3-231452719
S1-9217104	S2-153294983,S2-164858096,S2-59534660,S2-688888506,S2-734374282,S2-958853558,S3-154083081,S3-238329771,S3-306615758,S3-374396473,S3-397184127,S3-458253017,S3-488516042,S3-553862356,S3-678913147,S3-718197797,S3-875026267
S1-92175403	S2-905758886,S3-260163024
S1-922154509	S2-28926339,S2-773790787,S2-821385500,S2-871710528,S2-983648929,S3-164000722,S3-687627168,S3-714338185,S3-779283163,S3-821728071
S1-923685547	S2-544745200,S3-522631337
S1-924374114	S2-118760803,S2-542859500,S2-913852370,S3-68247985,S3-954103827
S1-924808952	S2-227245632,S2-683424549,S2-995081883
S1-925672670	S2-363038571,S2-383146652,S2-455483475,S2-683385357,S2-799103341,S3-135875861,S3-294333743,S3-333716048,S3-679237754
S1-925932817	S2-254475959,S2-466875505,S3-502800185,S3-532417363,S3-766690105,S3-848141201,S3-872492208
S1-928310667	S2-303504715,S2-683408581,S2-751883079,S3-475006841,S3-6954612,S3-723498002
S1-930655026	S2-18266141,S2-340280829,S3-221883574,S3-462251151
S1-931015790	S2-315392255,S2-341384788,S2-444016500,S2-543965214,S2-573033199,S2-573590166,S2-600045282,S2-629449858,S2-663604611,S2-824185233,S3-270012342,S3-272554613,S3-36201239,S3-418678068,S3-485761311,S3-975487850
S1-931317415	S2-508122512,S2-612019804,S3-177498507,S3-768241244,S3-938340535
S1-931581168	S2-231902556,S2-591183796,S3-595272381
S1-932331578	S3-25435346,S3-578994962,S3-595253623,S3-701096004,S3-710852927,S3-726613480,S3-747566395,S3-759626159,S3-802705702,S3-873539023
S1-932871587	S2-834128276,S2-941400089,S3-901986130
S1-933321133	S2-425519896,S2-581822473,S2-674890792,S3-310760221,S3-610992509,S3-6267698,S3-90781012
S1-933657588	S2-439469229,S2-550265164,S2-754155884,S2-906647282,S3-431039470,S3-450584763,S3-456130472,S3-49556421,S3-577707691,S3-800716851
S1-934098958	S2-529732312,S3-308983715,S3-420314002,S3-501946110
S1-935470562	S2-569767953,S2-804516027,S2-900815069,S3-489678875,S3-528088462
S1-935502055	S2-220135044,S2-386653926,S2-405959468,S2-537029346,S2-668100220,S2-682432158,S2-738267000,S2-786452459,S3-140680706,S3-160088589,S3-278685417,S3-651951906,S3-721594530,S3-726732381,S3-800312303,S3-833331477,S3-876633871
S1-935581529	S2-643641458,S3-117740687,S3-300986339,S3-341072109,S3-684150381
S1-9361857	S2-266054682,S2-305834031,S2-918135763,S3-102324641,S3-179401156,S3-26490019,S3-384029376,S3-467645194,S3-517124676,S3-555848439,S3-757171511,S3-760846265
S1-936274037	S3-755137730,S3-849245338,S3-907586486
S1-936449603	S2-327963977,S2-433459947,S2-449712944,S2-638964218,S2-768703441,S2-905855150,S3-440681028,S3-548985259,S3-856477704,S3-965594564
S1-936753046	S2-276044008,S2-480447508,S2-554506939,S2-697026354,S3-639428960
S1-937270142	S2-718711877,S3-38930191,S3-845231137
S1-937806501	S2-207470193,S2-461964695,S2-617765404,S2-726388460,S3-223865030
S1-937885990	S3-23142771,S3-689789650,S3-850441491
S1-938033860	S2-943103753,S3-554504880
S1-938854229	S2-672195701,S3-277974134,S3-87585226,S3-893089223
S1-938995927	S2-607950072,S3-83075904
S1-939045632	S2-356586558,S2-8428322,S2-985915024,S3-246536420
S1-939949427	S2-193529300,S3-970318182
S1-940601866	S2-295451619,S3-335301286,S3-343599692,S3-361481268
S1-940737597	S2-405003305,S2-794629812,S2-814653951,S2-948368497,S3-20170611,S3-437256046
S1-941697983	S2-334624787,S2-747041330,S3-213878477,S3-558744376
S1-941860360	S2-35232687,S2-621270347,S2-6804179,S2-785679095,S2-795896295,S2-839915441,S3-56420100,S3-804989321
S1-941877424	S2-440147358,S2-701945672,S3-290453926,S3-350603659,S3-504138919
S1-942701241	S2-449250805,S3-912680389,S3-933969626
S1-942909640	S2-120309249,S2-600401678,S2-757203973,S3-847025156
S1-943190295	S2-169426686,S2-19234854,S2-312897272,S2-496146251,S2-540379163,S2-740692775,S2-747956124,S2-815412752,S2-828009914,S2-879949306,S2-906312122,S3-832787489,S3-835548624,S3-8503338
S1-943344995	S2-216320965,S2-255134595,S2-372160404,S2-691260133
S1-944198591	S2-241863219,S2-674198038,S2-951190615,S3-388063441,S3-558963333
S1-944455269	S2-11443258,S2-149495295,S2-281520982,S2-350769247,S2-698627752,S2-827604646,S2-829687853,S2-856959382,S3-17100693,S3-394495157,S3-429995967,S3-518051304,S3-559624455,S3-580324138,S3-614706312,S3-66748973
S1-944969236	S2-135032948,S2-173857134,S2-432533429,S2-441125456,S2-498862206,S2-619483846,S2-89614004,S2-989819562,S3-173070520,S3-225366297,S3-593054244,S3-649108554,S3-65218748,S3-711067641,S3-753979932,S3-915200836,S3-945191891
S1-945020596	S2-509798505,S2-743690462,S2-85015288
S1-945893221	S2-471539165,S2-681741860,S3-109308212,S3-321976315,S3-327537872,S3-942698909
S1-946727144	S2-146108390,S2-940909311,S3-465913407,S3-676314749
S1-947729861	S2-162640583,S2-695619319,S2-756224142,S2-875246455,S3-218560681,S3-827123636
S1-947886889	S2-125598596,S2-652514692,S3-4004241,S3-788566233
S1-947964626	S2-190747279,S2-806531749,S2-869092281,S3-12046599,S3-186469188,S3-434926434,S3-790178748,S3-996745276
S1-947972461	S2-192371257,S2-379981371,S2-506251922,S3-657050801
S1-948769373	S2-37456627,S2-575047442,S2-75277626,S3-413680689,S3-734506148
S1-949270424	S2-651840798,S2-881926567,S3-234919010,S3-532751305,S3-566795584,S3-629095243,S3-636298179,S3-640827523,S3-738457448
S1-950089123	S2-357017152
S1-950349140	S2-112393004,S3-854554283
S1-950400732	S2-301144095,S2-74270404,S3-11694182,S3-148898368,S3-208738503,S3-280772787,S3-323944808,S3-358085537,S3-385801783,S3-481279997,S3-595516097,S3-598127626,S3-631377552,S3-64621935,S3-705789735,S3-707578759,S3-734363099,S3-739834335,S3-744834673,S3-874930715,S3-897841964,S3-929409332,S3-954702358
S1-950441302	S2-180158333,S3-160515460,S3-568813941
S1-950928533	S2-243161736,S2-456761237,S2-711797297,S3-661908588,S3-989591681
S1-951678369	S2-315819865,S2-441784945,S2-796609991,S2-837147512,S2-870664236
S1-953434727	S2-204222769,S2-559997146,S3-488563302
S1-953598645	S2-150292291,S2-542468386,S3-432744857,S3-758904054,S3-957983182
S1-95437790	
S1-954456785	S2-692920711,S2-785633021,S3-673248570,S3-788233605
S1-955001568	S2-159051503,S2-341094166,S2-34578389,S2-347768623,S2-390385298,S2-430656091,S2-433680239,S2-529960163,S2-673439553,S2-782532552,S2-992688957,S3-268029695,S3-403287949,S3-512033742,S3-555212540,S3-693957097
S1-955020024	S2-897253470,S3-10190839,S3-69014435
S1-955293823	S2-190544973,S2-794986124,S3-114827556,S3-287646843,S3-789299944
S1-955698146	S2-2478628,S2-768535202,S2-773692321,S2-864860925,S3-296955190,S3-51283680
S1-955731827	S2-199167226,S2-199573931,S2-206973857,S2-216402818,S2-222924019,S2-263580690,S2-315266072,S2-354301581,S2-405964462,S2-428268309,S2-549596533,S2-578739384,S2-643101063,S2-657935690,S2-73657377,S2-895143931,S3-232063816,S3-551326247,S3-572530551,S3-629222892,S3-994412466
S1-956157030	S2-356592628,S2-546082766,S3-812973491,S3-882196930
S1-95667377	S3-169150238,S3-188215079,S3-43520352,S3-595100810,S3-675354091
S1-956732059	S2-371908906,S3-113306423,S3-297409451
S1-957488593	S2-490926002,S2-800744918,S3-461521129,S3-593721180,S3-661750223,S3-965690175
S1-958825014	S2-184172792,S3-51444163,S3-530649160
S1-959047130	S2-443807301,S2-74417547
S1-959695992	S2-342160564,S2-602691308,S2-858838039,S3-447207569,S3-948717736
S1-959968464	S3-554339159,S3-741116321
S1-960112203	S2-121301481,S3-376508100,S3-739442220
S1-960775225	S2-345130592,S2-551477577,S3-795022513,S3-860919213
S1-960788592	S2-672970531,S2-682938581,S2-725867429,S2-756446193,S2-801198209,S2-855134357,S2-990608434,S3-186519232,S3-544717214,S3-63838139,S3-832296265,S3-843411980,S3-891752238,S3-912287665
S1-960938668	S2-154956498,S2-501988747,S2-708583609,S3-425299807,S3-833112973,S3-951187495
S1-960966062	S2-127017284,S2-178846064,S2-216089305,S2-271932403,S2-274440929,S2-299530538,S2-353256543,S2-427770437,S2-458640966,S2-473873952,S2-488664043,S2-548291539,S2-583349500,S2-623292765,S2-695167424,S2-729331412,S2-730830672,S2-782423473,S2-803668426,S2-817140649,S2-828406321,S2-848442807,S2-917062619,S2-94967860,S2-990552050,S2-999994262,S3-248050253,S3-372881864,S3-593914156,S3-753135650,S3-819872138,S3-928131292
S1-961196842	S2-103875685,S2-262622592,S2-42306785,S2-424756647,S3-97888050
S1-961699280	S2-88753523,S3-963287166
S1-962244625	S2-108544232,S2-315269242,S2-341769773,S2-54335003,S2-771290223,S2-914103124,S3-410668944,S3-423633145,S3-46531318,S3-690758293,S3-975626507
S1-962926747	S2-324984203,S2-614550319,S2-649613870,S2-984323243,S3-858199389,S3-972182435
S1-962934043	S2-337857496,S2-357869646,S3-83210552
S1-962977166	S2-271565424,S2-52567184,S2-613306453,S2-843470754,S2-87817806,S3-979309916
S1-963139360	S2-940058704,S3-344037232
S1-963677544	S2-704563422,S2-727718693,S3-127042538,S3-251980873,S3-76187133
S1-963762896	S2-649724488,S3-33437681,S3-860559046
S1-964921886	S2-699793565,S3-130280301,S3-693341027
S1-965295601	
S1-965425504	S2-344872352,S2-651953887,S2-815765223,S3-733598566
S1-965462970	S2-208227101,S2-427307144,S2-457586459,S2-46014483,S2-47744200,S2-583561998,S2-621957046,S2-649240822,S3-470721577,S3-769066308
S1-96555188	S2-499136310,S3-171222425,S3-347410461,S3-408060607
S1-965940230	S2-471506081,S2-517398475,S3-367845646,S3-519328537,S3-858175919,S3-886977276
S1-965958262	
S1-96598602	S2-287694101,S2-84252326,S3-778881911
S1-966175337	S2-324177456,S2-341418964,S2-56889232,S3-334032644
S1-966300422	S3-412881300,S3-7536619
S1-966392695	S2-388116561,S3-536825483,S3-616935635
S1-966477054	S2-145541095,S2-154956498,S2-178436879,S2-228110241,S2-341158802,S2-409768810,S2-554964127,S2-915595556,S2-933935042,S3-137518192,S3-654804279
S1-966693732	S2-112188108,S2-366633402,S2-413954957,S2-517508030,S2-572549238,S2-587046319,S2-621719540,S2-65785418,S2-691451325,S2-775069071,S3-563735136
S1-966851369	
S1-966882770	S2-167303780,S2-48871523,S2-548746192,S3-255074642
S1-966983442	S2-282575660,S2-416765246,S2-448437692,S2-597296169,S2-669720045,S2-74282617,S3-136241923,S3-294627914,S3-297083027,S3-394925949,S3-406236973,S3-564449221,S3-580006548,S3-778593767,S3-897987,S3-979924767
S1-967217855	S2-254694301,S2-388116561,S2-466153535,S2-801428945,S2-907813893,S2-954603624,S3-24275435,S3-536825483
S1-968583724	S2-432851684,S2-583489978,S2-876429766,S3-210789354
S1-969074002	S2-109292891,S2-120336473,S2-124726785,S2-12491312,S2-126688831,S2-131641546,S2-165839990,S2-174422048,S2-182122788,S2-204682450,S2-204742663,S2-20857116,S2-215193704,S2-215814288,S2-235038504,S2-259878524,S2-273232160,S2-303822688,S2-325279316,S2-343051226,S2-374660821,S2-38894581,S2-394705284,S2-399366548,S2-408871023,S2-409359830,S2-425525213,S2-427307144,S2-435854364,S2-508600912,S2-527470746,S2-535948269,S2-560167906,S2-615968375,S2-621957046,S2-633750945,S2-634466562,S2-649240822,S2-707688165,S2-717079231,S2-731610758,S2-735466023,S2-747949834,S2-761229407,S2-765185639,S2-790811441,S2-796291106,S2-817360067,S2-838518106,S2-841184930,S2-871266650,S2-874352240,S2-884091284,S2-910454358,S2-925664698,S2-926775599,S2-927734185,S2-960657663,S2-984008141,S2-996097614,S3-180445801,S3-201316822,S3-222396245,S3-256237466,S3-319166487,S3-356998661,S3-405975155,S3-418786048,S3-467572009,S3-494013016,S3-51126832,S3-528267893,S3-604628886,S3-609144702,S3-64125556,S3-65560208,S3-66480711,S3-752041131,S3-764685224,S3-801041184,S3-802721688,S3-836182317,S3-906018324,S3-944489677
S1-969153658	S2-400273913,S2-743312826,S2-816187366,S3-287090476,S3-662561965,S3-884506951,S3-984827224
S1-969291250	S2-110886640,S2-13366982,S2-235929668,S2-478018489,S2-736254595,S2-96043670,S3-496989083,S3-635269106
S1-969993766	S2-308330930,S3-43786485,S3-882207788
S1-97113603	S2-275039540,S2-862768785,S3-717450770
S1-97181481	S2-348470333,S3-265760143,S3-478399569
S1-972326289	S3-232630369,S3-276321961,S3-540892700,S3-912160075
S1-973396211	S2-306319070,S2-445425497,S2-758354654,S3-287145412,S3-568375247
S1-973784258	S2-420471765,S2-672732223,S3-149772212,S3-657727575,S3-839621277
S1-973835299	S2-789223994,S3-105494029,S3-208903839
S1-974225051	S2-143319983,S2-549223509,S2-717021374
S1-974614398	S2-268153364,S3-992075727
S1-974620421	S2-452165930,S2-666553590,S3-632390774
S1-975030091	S2-79370357,S2-846406158,S2-880555635,S3-800304194
S1-975385579	S2-110739495,S2-341252814,S2-388397182,S2-483818661,S2-50932985,S2-509438470,S2-563648251,S2-661208729,S2-669358163,S2-720472883,S2-828559977,S2-846209608,S2-991011057,S3-234296589,S3-402130651,S3-68258042,S3-687492653,S3-793661320
S1-975554270	S2-558845582,S2-571187935,S2-96057721,S3-156738225,S3-473425537,S3-582852140
S1-975567345	S2-609626758,S3-281256504,S3-360593542,S3-734455243,S3-883866664,S3-986861690
S1-976169666	S2-235161571,S2-363607058,S2-717645169,S2-765545564,S2-878921513,S3-117731631,S3-187618463,S3-252351430,S3-263317529,S3-28061917,S3-400308244,S3-413114405,S3-415622416,S3-501877088,S3-548199280,S3-584282268,S3-58524409,S3-730741110,S3-799376158,S3-93925978,S3-962851143,S3-972492694
S1-976338996	
S1-976363688	S2-156748519,S2-58259141,S2-911237766
S1-97662886	S3-307454609,S3-852054600
S1-977171705	S2-354306523,S2-377234765,S2-708417474,S2-824882560,S3-291067615,S3-421379229,S3-688334220,S3-790674473
S1-977979044	S3-397327918,S3-411824395,S3-523039521
S1-978068589	S3-201996024,S3-223613956,S3-433079976,S3-675460611
S1-978085452	S2-248788006,S2-286114816,S2-358818241,S2-548650812,S2-772493751,S3-493025922,S3-642479032
S1-978089017	S2-131689632,S2-317735885,S2-51927063,S3-268697179,S3-568771825
S1-978846085	S2-485996347,S2-609238810,S3-138537868
S1-979007980	S2-525125289,S2-664416186,S3-195290518,S3-967978689
S1-979186790	S3-439822900,S3-600450232,S3-849556324
S1-979209926	S2-207346857,S2-477708214,S3-110336362,S3-367353127,S3-732082651
S1-979476818	S2-217886269,S2-225258793,S2-258115259,S2-596285863,S3-654498706,S3-776368692
S1-979600459	S2-145541095,S2-154956498,S2-178436879,S2-288727500,S2-409768810,S2-527998637,S2-554964127,S2-933935042,S3-244078405,S3-344341819,S3-738119187
S1-980306526	S2-323025849,S3-433038291
S1-980376678	S2-19008621,S2-255405449
S1-981038536	S2-23540421,S2-284161656,S2-30209176,S2-367982353,S2-440549681,S2-523827512,S2-591915874,S2-657442401,S2-775681082,S2-98828743,S2-996866305,S3-310086739,S3-680787143
S1-981076606	S3-938190466
S1-981133107	S3-500416475
S1-98129833	S2-831104876,S3-201378235,S3-455433895
S1-981854223	S2-29886542,S2-530060423,S2-935632378,S3-207356932,S3-222140729,S3-232899500,S3-322669152,S3-367606782,S3-451235813,S3-658656683
S1-982219160	S2-413305554,S2-950493614,S3-583187047,S3-820750536
S1-982605824	S2-321522898,S2-757332975,S3-687611049,S3-843439132
S1-983059748	S2-312083568,S2-656842591,S2-662861586,S2-86700004,S3-262684351,S3-29186257,S3-866242337,S3-967265838
S1-983107219	S2-473640259,S2-985613765,S3-777332306
S1-983489870	S2-473804119,S2-750049848,S2-805531601,S3-672306074,S3-680389349
S1-983994781	S2-123001655,S2-160261431,S2-16633776,S2-346064144,S2-459949051,S2-748019010,S2-764887699,S2-796970788,S2-880144208,S3-115691969,S3-179159392,S3-320052429,S3-452078447,S3-481873092,S3-506122263,S3-568538966,S3-599466366,S3-613903137,S3-617214170,S3-695743992,S3-81684786,S3-826374787,S3-831018602,S3-831568170
S1-984247811	S2-27745232,S2-79520940,S2-873646059,S3-7115047
S1-984591654	S2-90635331,S2-976712116,S3-521601059,S3-825874115
S1-985154952	S2-239363200,S3-988799220
S1-985353616	S2-453122597,S2-878108548,S2-94967860,S3-114715523,S3-550088579,S3-783494795
S1-985536923	S2-25365194,S2-325933900,S2-649454752,S3-6456895
S1-985832030	S2-898725899,S3-529755008
S1-98584232	S2-311337676,S2-405971597,S2-674313208,S2-727129575,S2-76472559,S3-146507961,S3-416291951
S1-986954561	S2-379750111,S2-807077312,S2-919214577,S3-28674013,S3-432024717,S3-68876148,S3-789825156,S3-79556154,S3-820394146,S3-880093289
S1-987498835	S2-124705392,S2-138879000,S2-306458395,S2-349924258,S2-523760841,S2-560890305,S2-694806158,S2-784398029,S2-82318657,S2-826479676,S2-917204863,S3-135268849,S3-226853013,S3-287098351,S3-430485269,S3-714309112,S3-894933070
S1-987754061	S2-257055670,S3-168476947,S3-645690764,S3-768613785,S3-864879299
S1-988106703	S2-518952557,S3-136065316,S3-517799276,S3-636133801,S3-641091917
S1-989738414	S2-121246950,S2-928851078,S3-194553344,S3-427708741,S3-765013145
S1-989963374	S2-769417731,S3-108599953,S3-180854023,S3-289257785,S3-303873071,S3-341902924,S3-404909334,S3-684292248,S3-725826172,S3-737152870,S3-769777885,S3-842171834,S3-85772591
S1-990887180	S2-509866437,S2-620122720,S2-783521438,S2-98791978,S3-169115446,S3-183516577,S3-212226456,S3-32329886,S3-415977068,S3-523620631
S1-991416882	S2-288643674,S2-359445092,S2-596836918,S2-831887982,S3-719800536
S1-991924255	S2-134131370,S2-264968183
S1-992502007	S2-159589784,S2-267407394,S2-302250895,S2-317912209,S2-569217146,S3-874173237
S1-993288577	S2-236556454,S2-568948034,S2-885157503,S2-951648037,S3-458211843,S3-565142760,S3-597871260,S3-607860521,S3-733457889
S1-993650911	S2-534574663,S2-7221702,S3-31796790,S3-320866010,S3-76264006
S1-993660734	S2-304144960,S2-804799943,S3-102485509
S1-993694226	S2-172172040,S2-957840631,S3-461837024
S1-993780483	S2-961831342,S3-29993495,S3-553804507
S1-994195561	S2-931969599,S2-995075488,S3-288244770,S3-493175760
S1-99492049	S2-353809897,S3-934142200
S1-995048222	S2-991540543
S1-995939408	S2-757874123
S1-995974634	S2-35554040,S2-573097389,S2-598128161,S2-650536091,S2-740236485,S2-757500657,S2-762552526,S2-807302533,S2-835692087,S3-171385915,S3-211916103,S3-226775568,S3-675832482,S3-821314329,S3-893150456
S1-995978927	S2-613581137,S3-15797430,S3-572972012,S3-896637702
S1-99605902	S2-536454212,S2-741521259,S2-746541113,S2-832926564,S3-211345381,S3-243605365,S3-316659782,S3-424529607,S3-591558421,S3-670292100,S3-827871297,S3-917010534
S1-996496912	S2-5803697,S2-93356590,S3-250205259
S1-996560990	S2-146705931,S2-46835890,S2-554614088,S3-148097102,S3-905330066
S1-997007543	S2-290350178,S2-65785418,S2-691451325,S3-285111532,S3-383282686,S3-415865219,S3-734456080
S1-997473646	S2-912828100,S3-151695827
S1-997980471	S2-517340904,S2-897976419,S3-636968217,S3-715289612,S3-812228048,S3-91307998
S1-998038166	S2-928811549,S3-289323393
S1-998404378	S2-182931926,S2-345633304,S3-593076698,S3-625137357,S3-758787282
S1-998574168	S2-197076879,S2-248712436,S2-711384925,S2-73204632,S2-806322797,S3-192264103,S3-320964240,S3-638174412,S3-685343143,S3-804641497
S1-998752479	S2-330684228,S2-881743765,S3-262831134,S3-93733395
S1-99875495	S2-108095167,S2-139012601,S2-148427987,S2-216837596,S2-249171920,S2-287890186,S2-356144347,S2-581320102,S2-97229484,S3-314472840,S3-515548904,S3-612581672,S3-707147762,S3-839215213,S3-9326350
S1-99967290	S2-4499276,S3-198338185,S3-530591775
